1;16.16;;F2 D2 U2 F L2 F U2 B2 F D2 F' L U' B2 R2 D' B L' R D;2026-05-23 16:04:03;16.16
2;13.09;;D B' L' D2 L U2 R B2 D2 L2 R' U2 B L' F D2 L2 F' L2;2026-05-23 16:04:32;13.09
3;14.73;;U L2 U' B2 R2 F2 R2 U' B2 L2 D F D L2 B' L R F U B;2026-05-23 16:05:24;14.73
4;15.24;;U2 L' F2 R2 B2 U' R2 D' F2 D2 U' R2 U2 R' F2 D2 L' B D' L;2026-05-23 16:05:50;15.24
5;13.03;;B2 U' L2 U' B2 U' B2 R2 B2 F2 R' D B D L2 D2 B D2 B';2026-05-23 16:06:17;13.03
6;12.94;;D2 B2 U' L2 D B2 R2 F2 R2 D R' D2 L D2 U B' L U' L D;2026-05-23 16:06:51;12.94
7;17.05;;D' B' U' B2 D2 R F U2 F2 R2 U2 F2 L2 U R2 L2 F2 B2 U' L D2;2026-05-23 16:08:52;17.05
8;15.74;;D2 B L2 F' D2 B' R2 U2 F D2 F L D L2 R' F' L F L U' B2;2026-05-23 16:09:23;15.74
9;12.92;;L' R2 D L2 D R2 D' R2 U2 F2 R2 B' D' U' L B R2 U2 L2 D2;2026-05-23 16:09:50;12.92
10;18.42;;L' U2 F2 R' F2 U2 F2 D2 L' F2 D F L' R B' U F2 R' B2 U;2026-05-23 16:10:18;18.42
11;13.92;;L2 F2 L2 B2 U2 F2 U B2 L2 R2 U' F' D F' D' R D B L2 U2 B;2026-05-23 16:10:47;13.92
12;13.64;;L2 B R2 D2 R2 F2 U2 B D2 L2 R2 D' B' U2 F D2 U' L D2 R';2026-05-23 16:11:13;13.64
13;15.24;;U' D F U2 D L B2 L U' L B2 D2 R2 U2 R' D2 R' U2 F2 B2 L;2026-05-23 16:11:37;15.24
14;19.28;;D F2 R' U2 B2 F2 L2 F2 L B2 D2 R' B2 D' L2 F2 R' F' U L2;2026-05-23 16:12:45;19.28
15;15.70;;B2 L B R L' D F' R2 D R2 B2 D R2 L2 U D F' L';2026-05-23 16:13:15;15.70
16;14.71;;D2 L2 B' R2 F' R2 F' R2 F2 L2 R' U' L' B U' B' R' D2;2026-05-23 16:13:40;14.71
17;15.63;;U2 L' F2 R2 U2 B2 U2 F2 L' U2 R' B F D F2 L B2 U' B2 L;2026-05-23 16:14:47;15.63
18;14.37;;B' U2 F' R2 D2 R2 D2 B2 R2 B R2 B L' D F U' B2 L' R F;2026-05-23 16:15:30;14.37
19;14.72;;B R2 F U L2 D' F2 L F' U2 R2 B2 U2 R' F2 U2 R L' D2;2026-05-23 16:15:56;14.72
20;14.76;;L2 B2 R' F' L D' R' U' F' L2 B' L2 F' R2 B U2 R2 F' U2 R';2026-05-23 16:16:24;14.76
21;15.51;;F2 R2 F2 D2 B2 U L2 D2 L2 U2 R' B D2 L B2 F' D' U2 R F;2026-05-23 16:17:14;15.51
22;16.44;;U F' U2 F2 U R2 F2 R U2 F2 L2 F2 D2 F D2 L2 D2 R2 F2 R;2026-05-25 13:42:18;16.44
23;14.27;;B2 U2 L' D F B L2 D L' U2 B' R2 D2 L2 U2 R2 F2 D2 F;2026-05-25 13:42:51;14.27
24;11.42;;B' U F2 D2 B2 R2 F2 L2 D L2 D' B' D2 F' R D' U R' U';2026-05-25 13:43:18;11.42
25;12.66;;L D' L2 D2 R2 B2 R F2 D2 R2 D2 R D' B2 R' D' B L F;2026-05-25 13:43:44;12.66
26;16.38;;F2 U' R' D2 B D R L' U2 B2 D' B2 D' B2 D' F2 R2 L2 D2 R;2026-05-25 13:44:10;16.38
27;17.66;;B2 F2 D' L2 U F2 U2 L2 B2 L2 U' R' B' F R2 U' R' B F' R2 U;2026-05-25 13:44:40;17.66
28;17.13;;R' U R F R' B L B R' F2 R2 F2 U R2 F2 U F2 B2 U R2;2026-05-25 13:45:12;17.13
29;17.20;;U' B2 D' U2 B2 D2 U' B2 L2 F2 R B R2 F R2 F2 L D2 F2 R;2026-05-25 13:45:47;17.20
30;12.09;;R' F' U2 R L B U' F2 U2 L2 D F2 B2 D F2 L2 D' R F2;2026-05-25 13:46:16;12.09
31;12.58;;R U2 F R2 B2 D2 F' R2 F' L2 U2 F' U2 D F' D U B' L D B2;2026-05-25 13:46:39;12.58
32;14.32;;F R' L2 B R2 F2 R2 B2 U2 B' L2 U2 F' L B D U' F L' D';2026-05-25 13:47:05;14.32
33;11.73;;U D B' L2 D2 F' L' U2 F' D' B2 D' B2 R2 F2 R2 D' B2 L2 F2;2026-05-25 13:47:45;11.73
34;14.79;;U2 L' B' F2 U' F2 U B2 D2 R2 U' B2 U' F2 R' B U R2 B2 D2 F;2026-05-25 13:48:19;14.79
35;14.19;;B2 D R2 D2 L2 D' R2 D' B2 R2 U R B F U' L D2 B' F R' D';2026-05-25 13:48:45;14.19
36;11.74;;U' B2 D2 F2 U' R2 U2 F2 R2 U2 L F' D' U' F2 R U2 B F2 D';2026-05-25 13:49:11;11.74
37;13.57;;U B2 L B2 R' F2 L B2 R2 F2 L F D R' D2 L' U2 F D;2026-05-25 13:49:34;13.57
38;14.49;;D2 B2 L2 U2 F2 U B2 D B2 L2 U R' D' B R' D2 F' L2 R F2 U2;2026-05-25 13:49:58;14.49
39;13.69;;L2 U2 F2 D2 R U2 R B2 U2 R D2 U2 B' D F' D2 F2 L' D R D;2026-05-25 13:50:23;13.69
40;16.82;;F2 U' F2 L2 R2 D B2 U F2 R2 F' L U' B F D2 L R2 B;2026-05-25 13:50:49;16.82
41;16.25;;U2 B2 R U L2 F2 R2 B2 F2 U R2 F2 U2 R2 L U B L' F' D2 U2;2026-05-25 13:51:22;16.25
42;13.19;;L F B2 D F R F' L U R' D2 R B2 U2 L2 B2 R F2 D2;2026-05-25 13:55:04;13.19
43;17.56;;D2 R2 B2 U' L2 R2 U' B2 U B2 D2 B2 L U2 R B F2 L' U2 B' D2;2026-05-25 13:55:33;17.56
44;11.49;;B' R' B' L2 F' L D' B R2 L2 F D2 F2 U2 B D2 F U2 F' L B2;2026-05-25 13:56:04;11.49
45;15.10;;F' D2 R2 U2 F2 D2 F R2 D2 F D2 U' R2 D' L B D2 R2 D' F2 R';2026-05-25 13:56:27;15.10
46;16.35;;U2 R B D2 B L2 B D2 F2 R2 U2 F L2 B U L2 B' F2 L' F2 D';2026-05-25 13:56:55;16.35
47;11.65;;F2 U' F2 L D R2 L2 B R' D2 R F2 U2 R B2 R' F2 R2 U2 L';2026-05-25 13:57:32;11.65
48;13.45;;R' B' L2 D2 F2 D B2 R D' F2 D2 B' U2 B2 R2 D2 L2 B D2 F2;2026-05-25 13:57:57;13.45
49;13.02;;B' D B2 L B2 U2 B2 F2 R U2 R U2 R' D' U2 B' U2 F R' B2;2026-05-25 13:58:29;13.02
50;13.57;;R2 B U R U2 B' U R2 L2 F2 U2 F' U2 R2 U2 F2 U2 D2 R B';2026-05-25 13:58:57;13.57
51;12.75;;L' U2 B2 R2 B' R2 B' L2 B' F L U' F D' R' U2 F L' D2;2026-05-25 13:59:24;12.75
52;16.21;;R' F2 L F2 R B2 R D2 L F2 R U' L' U L2 D F' D2 R F2;2026-05-25 13:59:48;16.21
53;17.79;;U L2 B2 F2 D' L2 U L2 D2 F2 U' B' L R F' R2 D' U B D U;2026-05-25 14:00:19;17.79
54;12.76;;U' B2 D F2 D2 R2 U B2 L2 U' L2 F2 L' F U' B' D L' U2 L2 U2;2026-05-25 14:00:52;12.76
55;12.57;;L B2 L2 D2 R B2 L B2 U2 L B2 F' L2 D' R D' B' U' B' F;2026-05-25 19:51:42;12.57
56;14.11;;B' D2 U2 R2 F' D2 B D2 F2 U2 L F2 R B' R' D' F' U L' B;2026-05-25 19:53:07;14.11
57;13.12;;F R U' F' B D L' F' D2 R2 B2 L2 D' R2 D' R2 L2 D' B2 L;2026-05-25 19:53:37;13.12
58;15.08;;B U2 B' D2 B' F' R2 B R2 U2 F U2 L D R F D2 R' D U' B;2026-05-25 19:55:03;15.08
59;11.83;;U R D' L2 D' R2 D2 R2 B2 L2 U F2 U2 L' U F L U2 L U B;2026-05-25 19:55:31;11.83
60;13.86;;F' L' D2 L U2 F' R2 D' L' R2 U2 L2 D2 F B2 U2 F' R2 D2 F;2026-05-25 19:55:59;13.86
61;11.89;;L D F L2 F L2 D2 B2 L2 D2 U2 F U2 B D U2 F' R B2 D2;2026-05-25 19:56:23;11.89
62;18.87;;B R U2 R' F2 L U2 R D2 B2 R F2 U R2 F' D' R' U2 B L;2026-05-25 19:56:48;18.87
63;15.32;;R2 F' D2 B' L2 F' R2 B' R2 F' L' F' R U R B' L' D B2 F;2026-05-25 19:57:25;15.32
64;12.49;;B F2 L2 D2 F2 R' B2 R2 D2 U2 F2 R U L2 B F' R D R' U2;2026-05-25 19:57:55;12.49
65;13.51;;B' L2 D2 B F2 U2 F L2 D R' B U2 L2 B2 U2 R' F';2026-05-25 19:58:19;13.51
66;13.70;;L F' D' L2 D2 R2 F2 L2 B2 D2 R2 F' R2 F L B' L2 U' L D U';2026-05-25 19:58:48;13.70
67;19.97;;R' U2 F' R2 U2 B2 U2 B' D2 U2 F R2 F U' B D U2 F D' R B';2026-05-25 19:59:15;19.97
68;12.84;;D B2 L U D2 R' F L' U' F' U2 B L2 F' R2 F2 D2 R2 B;2026-05-25 20:06:08;12.84
69;14.69;;D' L' D2 L B2 U2 L' U2 L B2 R2 U F' L' F' D2 R D B F';2026-05-25 20:06:35;14.69
70;12.23;;B F2 L2 B2 L2 U B2 D' F2 L2 U' F R' B' L2 U' B' L2 D2 F2;2026-05-25 20:07:05;12.23
71;14.49;;L D' F' L2 U L2 R2 B2 D U' F2 R2 U' F' L' D F D2 B L2;2026-05-25 20:07:30;14.49
72;16.03;;D' F R' F2 L2 U2 F2 L' F2 U2 R2 F2 U2 D' L2 F' L B F' U';2026-05-25 20:07:58;16.03
73;15.29;;R2 B' D' B2 D L2 B2 D2 R2 B2 U' B2 R2 U R F D2 F D U2 R2;2026-05-25 20:08:30;15.29
74;16.03;;R2 F L2 R2 F2 D2 L2 F U2 R2 F D2 L' F D L U F' L2 U' F;2026-05-25 20:08:58;16.03
75;14.21;;F D2 B2 R' U2 F2 D F' U2 R2 D2 R2 D2 L' B2 R' U2 L;2026-05-25 20:09:26;14.21
76;18.09;;D2 L' D2 L2 U2 F2 D' B2 R2 U' B2 D' B2 F' U R B' R2 D' L D';2026-05-25 20:09:52;18.09
77;14.39;;D U2 R' D2 L2 R B2 L2 B2 D2 L F2 R' B' U' B D' B R2 U F2;2026-05-25 20:10:21;14.39
78;12.16;;L B2 U2 L' B2 D2 L2 R F2 U' B' F2 D2 R' F' R U F2;2026-05-25 20:10:47;12.16
79;15.26;;B2 R D R L2 B L' U2 L2 F2 U R2 B2 R2 D' F2 R2 U2 R2 F D;2026-05-25 20:11:14;15.26
80;10.64;;U' F2 U L2 B2 D2 U' B2 F2 L2 B2 L F' U2 F2 D L B' R' B2 R';2026-05-25 20:11:39;10.64
81;12.02;;D2 R2 U2 L2 B U2 B2 D2 L2 U2 F L U R2 D' R2 F' R2 D2 R;2026-05-25 20:12:02;12.02
82;15.33;;U2 B2 D' L2 U' L2 F2 D B2 F2 U2 B' D' L' U B' D B2 R B2 U2;2026-05-25 20:12:27;15.33
83;12.18;;F' D' R L2 B2 U2 F2 U R2 D U2 R2 B2 U R F L' D' L R2 B2;2026-05-25 20:13:30;12.18
84;13.33;;F L2 D' R2 F2 D2 L2 F2 R2 U' B2 U' R' B R2 F' L2 U' L' B D;2026-05-25 20:14:11;13.33
85;15.15;;L2 F2 L2 F2 D B2 R2 U L2 D' L U2 B' D2 U2 L' R2 B F';2026-05-25 20:15:16;15.15
86;16.26;;B2 L2 D2 R' F2 L F2 R' U2 F2 R D' L' R F' L2 D2 F D2 R';2026-05-25 20:15:44;16.26
87;13.74;;F2 D L2 F' D2 R' U L' B L2 U2 L' F2 B2 L' F2 D2 L F2 D2 L2;2026-05-25 20:17:23;13.74
88;13.60;;L2 R2 B L2 R2 B L2 B2 R2 F' U L D2 B2 F2 L B' U B2 U;2026-05-25 20:17:49;13.60
89;13.91;;F2 R' F2 D2 B2 U2 R F2 U2 L U' F' L' D L R B2 U' R';2026-05-25 20:18:15;13.91
90;12.54;;L2 F B U' F' R L2 D R B2 U B2 U2 B2 D F2 D' R2 F2 D F2;2026-05-25 20:18:41;12.54
91;16.45;;F' U B2 U2 L2 F2 D2 L F2 L B2 L' D2 B' L2 R2 F D' L' F;2026-05-25 20:19:05;16.45
92;17.50;;F2 D2 U2 L2 R D2 L2 R' F2 U2 B2 R' D L' B R2 F R' D' L' U';2026-05-25 20:19:35;17.50
93;15.37;;F2 D' B2 R2 B2 U2 R2 D U2 R2 B' U' B2 U L' U2 R F2 R2;2026-05-25 20:20:29;15.37
94;13.48;;R F B2 D L2 U B2 U2 R2 B2 F2 U' R2 U2 L' B' L' F2 L2 D' R;2026-05-25 20:21:06;13.48
95;12.72;;F' U2 B2 R2 F2 R2 D2 L2 B' U2 F2 U B2 R' U2 L U B' R' D';2026-05-25 20:21:33;12.72
96;16.46;;U2 B' D2 B F L2 D2 F' U2 F D2 F U' L R' B' R2 U2 R' D';2026-05-25 20:21:58;16.46
97;12.12;;R' U' L2 F2 D R2 U' B2 L2 U' L2 D B' R2 B2 D R' B U' L2;2026-05-25 20:22:26;12.12
98;8.91;;B2 R2 D2 L2 R2 B R2 B D2 F' R2 L D' L' D2 F2 U B' D2;2026-05-25 20:22:54;8.91
99;14.65;;B' R' F2 R2 U2 B F2 L2 F D2 U2 B D2 F' L' U' B' L D' U B2;2026-05-25 20:24:09;14.65
100;14.62;;R2 U B2 U B2 L2 U' F2 D' R2 U F D2 R B L' B D2 U2 B2;2026-05-25 20:24:40;14.62
101;20.54;;U' F' L2 D R' F' U' L' D2 F' D2 F R2 D2 B D2 R2 U2 B2 U';2026-05-25 20:25:09;20.54
102;15.19;;D2 B' U R2 D2 F2 R2 U2 B2 U' L2 R2 F L D R D' U' L2 B2;2026-05-25 20:25:56;15.19
103;15.38;;R' B' R L2 U F' D2 R' U F' U2 R2 U2 R2 F2 U2 F D2 B' R2 U2;2026-05-25 20:26:27;15.38
104;15.69;;F D2 L U L B D F2 R' B D2 B L2 F U2 B2 D2 R2 F' U2;2026-05-26 16:31:26;15.69
105;13.09;;F B2 U' F2 D2 R2 U B2 L2 U' B2 F2 R2 L' F2 L2 F' D L' D2 R;2026-05-26 16:31:54;13.09
106;11.40;;D' U2 B D2 L2 B2 L2 R2 U2 F' L2 B D L U2 L2 F L' D U';2026-05-26 16:32:20;11.40
107;15.34;;R2 D F2 L2 D' U2 R2 B2 U2 F2 R D' F' L D' L U' F2 L F;2026-05-26 16:32:42;15.34
108;13.17;;F2 D' B2 F2 U L2 D' U R2 D2 B L F D U' B2 L B';2026-05-26 16:33:13;13.17
109;14.44;;F L2 R2 B R2 B D2 B2 U2 L2 B2 R' F U' B' D' F L D2 U';2026-05-26 16:33:54;14.44
110;14.20;;L' U' B2 U L2 R2 D B2 U L2 R2 B2 F R U' B' R' F' D' B';2026-05-26 16:34:21;14.20
111;15.11;;R' F L' U2 R2 D' B2 D R2 B2 R2 D L2 D2 L' B' U' R' F2 L U2;2026-05-26 16:35:16;15.11
112;13.74;;F R2 U2 L2 F2 U' B2 U2 R2 U F2 U B2 F L' B2 R' D U' F D';2026-05-26 16:35:43;13.74
113;10.74;;L' D' B2 F2 D2 F2 D' B2 L2 B2 L2 F2 U' L' U' B' R U' R2 B U2;2026-05-26 16:36:08;10.74
114;15.40;;R' B2 L F2 L B2 U2 R' B2 R' B2 L B' D R2 D' U R' F2 D' B;2026-05-26 16:36:29;15.40
115;11.18;;D2 F' R L' U' B' L U D' L2 F2 D2 R B2 R U2 L' F2 R' U2 B2;2026-05-26 16:37:05;11.18
116;13.36;;F L U L B2 L' F' B2 D B2 R2 U2 R U2 L2 B2 L F2 R' D2;2026-05-26 16:37:28;13.36
117;16.40;;U2 D R' L' U D2 F' B' R' L2 D' B2 L2 U2 L2 D' F2 D' F2 R2 L';2026-05-26 16:38:01;16.40
118;17.16;;R' B2 R2 F U2 B' U2 L2 U2 L2 B F R F' U' B2 L B L;2026-05-26 16:38:27;17.16
119;14.95;;B2 R B2 R' B2 L' B2 L U2 R' B2 R' B' L' D L2 R2 U2 B' L' U';2026-05-26 16:38:56;14.95
120;10.95;;D2 R2 F2 R' B2 U2 L D2 L U2 L2 R' B' D' R2 B U R' F' R;2026-05-26 16:39:25;10.95
121;17.13;;R' L2 F2 L2 D2 B2 D2 U F2 R2 U B2 L D U L' B L2 F R' U';2026-05-26 16:39:49;17.13
122;12.75;;B2 D2 L D2 R B2 L' U2 R U2 L' F2 B R D2 B2 D L' B U' L';2026-05-26 16:40:19;12.75
123;14.32;;F' B R L2 D R' U L2 D2 R2 F L2 B R2 F D2 R2 L2 F R F';2026-05-26 16:40:42;14.32
124;14.12;;D R' F D' B' U' B U' R F2 L2 U2 B2 U2 R B2 U' D2;2026-05-26 16:41:07;14.12
125;11.76;;U2 B2 D' F2 L2 F2 L2 F2 U2 B U' L R' B L' U F' R' F2;2026-05-26 16:41:31;11.76
126;14.41;;R2 F R2 F2 L' B2 R2 D2 B2 F2 L R2 B' R2 U L F L D L';2026-05-26 16:41:55;14.41
127;13.53;;D' L U R2 U' F2 L2 U R2 D2 L2 F2 U2 L' F U' B L' B U;2026-05-26 16:42:21;13.53
128;12.95;;R2 U F2 U R2 F2 R2 D' U2 L2 D2 F' D' F2 D L2 R2 F R' U' L';2026-05-26 16:45:56;12.95
129;17.42;;U F' R' F L2 D2 B2 F L2 F U2 B U2 L2 R B' U F' R2 U2 B2;2026-05-26 16:46:29;17.42
130;12.22;;F2 D2 U L2 F2 L2 B2 D2 F2 R2 U B D' U2 L' B' U L2 R2 F';2026-05-26 16:48:00;12.22
131;12.27;;D2 B' D L2 D' F2 U B2 L2 B2 D' L2 D' L D B' R D2 R' F2;2026-05-26 16:49:18;12.27
132;14.09;;B' U2 R2 B' D2 F' R2 F' U2 B2 L2 U2 R' D' R2 B' U2 L U' B2 F';2026-05-26 16:49:43;14.09
133;16.54;;B L F2 D R2 U F2 D' R2 F2 U F2 D2 F2 R B2 R B' F2 L' D';2026-05-26 16:50:20;16.54
134;15.95;;D' R' F R U2 R B2 R U2 R2 U2 F2 D2 R B' L2 F2 U' L2 D2 L;2026-05-27 16:25:06;15.95
135;11.24;;F L U R2 U L2 D L2 R2 D2 L2 U2 F L B R B L2 B L2;2026-05-27 16:25:42;11.24
136;13.00;;B' R2 U2 F2 L2 F2 L D2 U2 F2 R' F2 U' B' R F' D' R D R';2026-05-27 16:26:05;13.00
137;17.06;;U R' U B2 D B' D2 B2 L' U' L2 D L2 U' L2 U' R2 F2 D2 R2 B2;2026-05-27 16:26:30;17.06
138;15.59;;B' R2 B' D2 F' D2 F D2 R2 U2 R2 F U F2 L F' U2 L' F R' B2;2026-05-27 16:27:05;15.59
139;15.01;;L2 B2 D R2 D' R2 U R2 B2 U B2 U2 L' F2 L2 D' B D2 F R U';2026-05-27 16:27:33;15.01
140;19.78;;U L' U F2 R2 U L2 D' B2 D2 R2 L' F L2 B' D' F2 R B;2026-05-27 16:28:01;19.78
141;13.02;;B2 F2 U B2 U' B2 U F2 D' L2 D2 B2 R B2 F' L2 U R D' L B';2026-05-27 16:28:35;13.02
142;14.30;;L' B2 U2 R B2 U2 L' F2 R F2 U2 F' D B2 U2 L D' L2 D2 F;2026-05-27 16:29:02;14.30
143;13.35;;B F2 R2 F2 D' L2 D F2 L2 U R2 U F' U' L' D2 R' B' U R2;2026-05-27 16:30:41;13.35
144;16.32;;D2 L2 F R2 D2 R2 B' R2 B' F' U L' B2 U F2 U2 R' B' U2;2026-05-27 16:31:07;16.32
145;13.05;;R2 B2 R2 F D2 R2 D2 B D2 B' R F L2 U R2 U R D U;2026-05-27 16:34:33;13.05
146;15.68;;U2 F' R D2 B' U2 L' U' F' R2 F R2 U2 B2 L2 F D2 L2;2026-05-27 16:35:00;15.68
147;10.41;;L2 B2 D' L2 F2 U R U' L2 F2 U2 F' U2 F L2 F2 R2 F' R2 D';2026-05-27 16:35:28;10.41
148;12.32;;R2 U F2 U R U2 B D' L F2 L B2 D2 L F2 R' B2 L';2026-05-27 16:35:58;12.32
149;14.39;;D' B2 U2 B2 R2 B2 R2 U R2 F2 D2 U' R' F' L U' B' F2 L2 F';2026-05-27 16:36:20;14.39
150;11.58;;L2 B2 L2 B' R2 D2 R2 F2 L2 B' D2 B L' B R' F D' L' B2 L2 U2;2026-05-27 16:36:47;11.58
151;15.20;;L2 B2 D B U B2 R' D F2 U2 R2 B' U2 F U2 B' R2 B D2 R2;2026-05-27 16:37:11;15.20
152;13.03;;D' L2 D' R2 D B2 U B2 F2 D F2 B' D' U R2 B2 U2 R' B' U;2026-05-27 16:37:38;13.03
153;11.37;;R2 F' L2 B R2 F' U2 F2 D2 U2 L2 F' R' B2 L' U L' D R' B2 D';2026-05-27 16:38:02;11.37
154;11.09;;U R' F D2 L2 B U2 F' D2 B R2 F R2 U L' F R2 U B2 R2;2026-05-27 16:38:32;11.09
155;14.83;;L D' B2 D U2 B2 L2 D' U2 F2 R2 U2 L D2 F L' F' D' F L;2026-05-27 16:39:00;14.83
156;17.81;;R' D' L' B R' F D R F2 B2 R' F2 R D2 R' D2 L B2 R2 B' L;2026-05-27 16:39:50;17.81
157;15.53;;U' R D U F2 U2 F2 L2 R2 D' B2 U' B2 U' B' L D2 B F2 R' F2;2026-05-27 16:40:24;15.53
158;13.37;;F' U2 B R2 F2 D2 B L2 D2 F' D F' D2 L F' D' B2 L' F;2026-05-27 16:40:49;13.37
159;9.83;;R' L2 D2 F2 R2 U F2 D' L2 D' U2 L2 R2 F' U R' U L' D U' R';2026-05-27 16:41:12;9.83
160;14.10;;B2 U R L2 F2 B L' B R2 F2 U' B2 D2 F2 D2 L2 B';2026-05-27 16:41:41;14.10
161;15.74;;L2 F U R' B' R2 B2 R2 L2 D R2 D' B2 R2 U' F2 D' L B2;2026-05-28 20:34:43;15.74
162;12.77;;L U2 R2 B D2 F2 R2 D2 B U2 B' L B R F2 D R U L2 B;2026-05-28 20:35:13;12.77
163;12.03;;U D2 F2 R U2 R2 D2 U2 R D2 B2 R2 U' L B F2 R2 B2 U' F2;2026-05-28 20:35:43;12.03
164;16.04;;R' B D F' R2 F2 D' F2 U2 B D2 L2 F R2 B R2 L2 B' L' F';2026-05-28 20:36:06;16.04
165;15.20;;R2 L' B' D' L U2 B D2 B2 D' F2 D R2 U' L2 U B2 L2 F2 B;2026-05-28 20:36:37;15.20
166;16.00;;R' F D2 U2 R2 D2 F R2 B2 L2 U2 F U R D2 B' F' L' F2 U;2026-05-28 20:37:05;16.00
167;12.06;;B2 U' R2 U2 L2 U L2 U' B2 L2 U2 R2 F' L' U' R D L' F U' L;2026-05-28 20:37:38;12.06
168;11.81;;B R D' L' U R F R L2 F2 R2 L2 U2 F2 D2 B' L2 F' R2;2026-05-28 20:38:11;11.81
169;14.49;;L' B' D2 F' R2 B' D2 R2 F L2 F2 L2 U' F2 R U' L U2 L' R;2026-05-28 20:38:35;14.49
170;18.13;;L' F D' F2 L B' U2 R' D2 B' U2 B' R2 F2 L2 U2 F2 L2 D;2026-05-28 20:39:02;18.13
171;19.39;;F2 U' L' R' U2 R' F2 R B2 F2 U2 L' U2 B2 F' L2 B' D' R' B L2;2026-05-28 20:39:38;19.39
172;14.81;;D2 B2 D' R2 D' L2 B2 U L2 U' R' F D2 F' D U2 B' R U F;2026-05-28 20:40:14;14.81
173;16.75;;U B U' R2 D F2 D' R2 D' U2 F2 U' B2 L R' F' D' L' R2;2026-05-28 20:40:45;16.75
174;15.56;;D2 R2 B2 D' L2 B2 L2 B2 D L2 U2 F D2 U' B L U F L' U';2026-05-28 20:41:18;15.56
175;10.97;;D B2 D' L2 U' B2 U' F2 U R2 F2 R B' D F2 R U L' F R2;2026-05-28 20:41:45;10.97
176;18.48;;D' B2 U2 F' L2 U' R F L2 B2 U2 F2 B2 U R2 U' F2 D L2 F;2026-05-28 20:42:12;18.48
177;10.74;;L' U R2 F2 U F R2 B2 L' R2 D R2 U' F2 R2 U' L2 D' L2 B2 U';2026-05-28 20:42:43;10.74
178;13.11;;B' L' R2 B' F' D2 B L2 D2 U2 B L2 R2 U' F U L' U F' L2;2026-05-28 20:43:11;13.11
179;14.60;;B U2 F L' D B' R' L2 U R2 U2 B2 D2 F2 U' B2 D' B2 U F R2;2026-05-28 20:43:57;14.60
180;16.88;;F R' U D2 R F2 L R2 F U2 F2 B U2 R2 D2 R2 F' U2 D' F';2026-05-28 20:44:31;16.88
181;16.14;;B R2 B R L' F' L U' R2 F R2 U2 B' U2 B L2 B2 D2 B' R U;2026-05-28 20:44:59;16.14
182;16.69;;F2 R2 F R2 U2 R2 U' B' L F2 L2 U' R2 U2 L2 U D F2 R2 F2;2026-05-28 20:45:28;16.69
183;15.69;;B U R2 F2 L2 D2 L2 U' R2 B2 U R' U L B' F D' U2 F2 U;2026-05-28 20:45:59;15.69
184;13.10;;D R2 L2 F2 U' R D' B' R' U L2 U R2 F2 D' F2 L2 D2 L2;2026-05-28 20:46:44;13.10
185;14.02;;R2 D' F' L D' L B R2 U2 F2 U2 D L2 U' L2 F2 D2 B2 D L' F';2026-05-28 20:47:19;14.02
186;11.60;;U L2 F2 D2 L D2 R B2 R' U2 F2 D2 U2 F R' D' U F L2 R U;2026-05-28 20:47:46;11.60
187;16.12;;U' F D2 F' L2 B U2 F' U2 L2 B D' U F D B F' L B;2026-05-28 20:48:11;16.12
188;16.55;;U R2 U L2 F2 U F2 D' F2 U R' B' U F' L' D' R' B' L';2026-05-28 20:48:38;16.55
189;12.80;;F D' B2 L2 U2 B2 D L2 R2 D' L2 U R F D' L2 U' R' B2 F2 R2;2026-05-28 20:49:08;12.80
190;10.97;;F R2 D R2 D B2 R2 F2 D2 B2 R2 F2 L U2 F R2 U' B2 R B2 D;2026-05-28 20:49:33;10.97
191;14.60;;B2 U2 L2 F' R2 B D2 L2 F' D2 U R2 U2 F' D' L' F D2 B2;2026-05-28 20:49:56;14.60
192;15.07;;F D2 R' F2 D2 L' B2 F2 R D2 L' D2 F' D2 F D R' B2 D B';2026-05-28 20:50:23;15.07
193;13.16;;B U' B2 R2 B2 D U2 F2 D' R2 D' U' B' U B L F L' B F2 U2;2026-05-28 20:50:51;13.16
194;12.73;;B R' F2 R2 D B2 D R2 U L2 R2 D L U2 F L' F L' R2;2026-05-28 20:51:20;12.73
195;13.44;;B' F2 L2 D' L2 U2 R2 D' L2 D' R2 B2 U' R' B L R2 D' L2 U L2;2026-05-28 20:51:56;13.44
196;17.92;;B2 D' B2 L2 D' B2 L2 B2 D2 U' R2 F' L2 R U2 F D U' L' F D;2026-05-28 20:52:37;17.92
197;15.95;;L F' L2 U R2 B2 D2 F2 U2 R2 D' F2 U' F2 R' B L2 B2 L2 D R;2026-05-28 20:53:06;15.95
198;16.82;;U2 F U B' L B' R U2 F2 U2 B2 D2 R2 F L2 U2 R2 F2 U' R';2026-05-28 20:53:42;16.82
199;13.69;;B L2 R2 F R2 U2 L2 F' D2 F2 U2 L' D2 U B2 L B' R F R2;2026-06-03 11:56:02;13.69
200;11.70;;L' U' L D2 R F2 U2 L F2 R' D2 B2 U L2 F U2 B L2 U';2026-06-03 11:57:06;11.70
201;15.37;;F2 B2 D' R' L D F U B F2 D' B2 D2 R2 D' R2 D' B2 R2;2026-06-03 11:57:32;15.37
202;13.66;;U L2 D' B2 D R2 B2 L2 U' B2 D F' L2 R' F' U' L2 F D B L';2026-06-03 11:58:07;13.66
203;15.33;;F2 D2 L R2 U2 F2 D2 B2 U2 L U2 B2 F' D U' F' L F' D2 R' D;2026-06-03 11:59:09;15.33
204;16.63;;L F U2 D' B U L D' R' D2 R2 U2 F' R2 F R2 L2 F2 B' D2 L2;2026-06-03 11:59:36;16.63
205;16.63;;R' F D2 L D2 L2 B2 D2 F2 D2 R' F2 U2 F D' U B' L R B2 D;2026-06-03 12:00:15;16.63
206;15.34;;F B' R' F R2 U' L D' F R2 B' U2 F L2 B U2 B' R2 F D';2026-06-03 12:00:46;15.34
207;11.67;;R2 U' R2 F2 U' L2 U' R2 B2 D L F' L' D' U' F R2 D L2;2026-06-03 12:01:10;11.67
208;13.73;;R' B' F2 L2 F2 L2 U2 L2 U R2 U' L2 R U F D2 L B D;2026-06-03 12:10:31;13.73
209;14.04;;R' U' L2 U' F2 R2 U' R2 D R2 U L2 U L B' L U' B' D L U2;2026-06-03 12:10:56;14.04
210;16.84;;L2 U2 B2 F2 R2 U' L2 U R2 F2 D' B' L D B' U F' D R D;2026-06-03 12:11:23;16.84
211;14.28;;U B2 R2 B U2 F2 U2 B2 L2 F' R' B U B' D2 L U2 R U2;2026-06-03 12:12:06;14.28
212;10.18;;L' U' B2 U2 R2 B2 U2 L2 R F2 D2 L B U' L' F2 R2 F R;2026-06-03 21:04:02;10.18
213;12.96;;U' L2 U' F2 L2 F2 R2 U' B2 D2 L2 R' F U L U2 R2 F' R' B2;2026-06-03 21:04:23;12.96
214;15.77;;U L2 B2 D R2 U F2 U' L2 B2 D' R' B' D' F L' B2 L2 F' U' F';2026-06-03 21:04:47;15.77
215;13.15;;L2 D F2 D F2 R2 B2 R2 D' L2 B' D' L F2 U B D R' B' D2;2026-06-03 21:05:15;13.15
216;10.55;;R2 B L F2 L D2 B2 U2 L2 D2 L' B L2 R F D B F';2026-06-03 21:05:40;10.55
217;15.13;;F2 D2 R D2 B2 U2 F2 R2 B2 U2 R' U2 B' D2 F D' R' D2 U2 F U2;2026-06-03 21:06:02;15.13
218;12.94;;U R2 D B2 L2 U R2 F2 R2 F2 D2 L2 F' D' R' B' L2 U' B2 U F;2026-06-03 21:06:33;12.94
219;11.96;;L' U' D R2 F2 R B' R2 F2 R2 U' B2 L2 U L2 D2 F2 U' B2 L;2026-06-03 21:06:58;11.96
220;17.48;;L F' L B2 U L' F' R U2 L F2 L' B2 U2 D2 R2 U2 L D2 B L';2026-06-03 21:07:26;17.48
221;15.18;;F' R' U' L' F D' L B' R F D2 B U2 D2 B R2 F B2 D2 B';2026-06-03 21:07:57;15.18
222;10.97;;D2 L U2 R' B2 L B2 U2 R' F2 L2 B2 U' R' U' B' L U2 R2 D L;2026-06-03 21:08:34;10.97
223;13.46;;R' U2 B2 F2 R F2 U2 R D2 F2 R B L2 B' U B2 R F U F2;2026-06-03 21:08:58;13.46
224;11.91;;U F2 U' R' F' U R D F2 R' D2 R2 D2 R' F2 R' D2 L F2 L' D;2026-06-03 21:10:20;11.91
225;12.34;;F2 R' U' R2 D2 L2 U2 R2 F2 D B2 R2 U' R' D' L B U' R2 B' F2;2026-06-03 21:10:43;12.34
226;13.07;;B2 D2 R2 F' R2 F U2 L2 B2 L2 R2 U B' D' L2 D U2 R' B U2;2026-06-03 21:11:08;13.07
227;13.84;;F' U L' B2 R2 B L2 R2 B F R2 F L2 R U' R2 U2 R2 F L;2026-06-03 21:11:36;13.84
228;15.85;;L U2 B' D2 L2 D2 F R2 F' R2 U2 B2 L' F L2 D F R' B F2;2026-06-03 21:12:00;15.85
229;12.54;;L D' F B U' R B2 L U R D2 L F2 R2 L' U2 B2 R' U2 B2;2026-06-03 21:12:27;12.54
230;16.28;;D L2 F2 U' R2 U2 R2 U' R2 B2 D' L2 R' U' B' F2 D' B' R' U2 B2;2026-06-03 21:12:49;16.28
231;12.68;;D2 R2 U' L2 D' L2 B2 D L2 B2 D' B L D2 R' B' U2 F' R' U R;2026-06-03 21:13:16;12.68
232;13.59;;B' F2 L2 D2 U2 L F2 L2 D2 R2 D2 F2 B' L' R' U F' L' D R2;2026-06-03 21:13:46;13.59
233;11.33;;U F2 D2 U' R2 D B2 U F2 U L' U R' U F U' L' B' D R2;2026-06-03 21:14:09;11.33
234;11.03;;R B2 L2 D2 U R2 U2 F2 D B2 U B L' U' B R U' L2 B' D' F2;2026-06-03 21:14:33;11.03
235;13.96;;U D2 B R' B R' L' B2 L2 D2 L2 U' F2 D2 L2 D' F2 U B' L;2026-06-03 21:14:55;13.96
236;11.59;;L' B' U F2 U R2 U' L2 B2 U L2 D2 F2 R2 F' R' F D R2 F2 R2;2026-06-03 21:15:23;11.59
237;10.45;;B' L' B' L2 R2 U2 B' L2 U2 B' D2 F D2 F2 R U B U' F U R2;2026-06-08 19:45:56;10.45
238;11.17;;D R2 B2 L2 D2 R2 U' F2 D' F2 L2 U L U L2 B D' F' D2 U R';2026-06-08 19:46:19;11.17
239;14.17;;R' F L2 U2 B2 R2 D F2 D L2 R2 U R2 U' F R D2 F R2 U F2;2026-06-08 19:46:44;14.17
240;14.49;;L F R2 U F2 D' L2 D2 B2 U2 F2 R2 B2 R2 F L' D2 B L' U B';2026-06-08 19:47:11;14.49
241;16.49;;U' B2 L2 B2 L2 D' B2 R2 D B2 D' R D B' D2 F' D2 R2 F' L;2026-06-08 19:47:43;16.49
242;12.60;;L' U2 B2 D L' U2 R2 L2 B' L2 U D F2 R2 D' R2 B2 D2 F2 U;2026-06-08 19:48:12;12.60
243;13.12;;R F2 U' L' D2 L2 U2 L2 U2 F2 R B2 L D2 U' R' B D U2 L' B';2026-06-08 19:48:36;13.12
244;19.93;;B2 U L2 U B2 L2 B2 U2 L2 U F2 L' F' L' B R' D' B' R F L2;2026-06-10 15:07:49;19.93
245;14.98;;B' U L B2 U2 D' R U2 F' L' F2 D2 L U2 L D2 L U2 L' U2;2026-06-10 15:08:33;14.98
246;15.28;;D' R2 B2 D' U B2 U' R2 U' L2 F2 B L F' D2 R' D B' D' L' R';2026-06-10 15:09:07;15.28
247;11.59;;D L2 R2 D B2 F2 U' R2 B2 D2 U L2 R D2 U B D B F2 L R';2026-06-10 17:14:14;11.59
248;14.75;;L2 D2 B2 L2 U2 F2 L' R' F2 R B2 U F D2 L' B' U2 F' D L' F;2026-06-10 17:14:37;14.75
249;12.66;;F2 D' L2 F2 U2 F2 U2 F2 L2 U R2 F' R' D2 F2 R2 F R B' R U';2026-06-10 17:15:04;12.66
250;15.20;;D' L2 B2 R2 B2 D' R2 D2 L2 D' U R2 B' R' F2 L U' B2 D B;2026-06-10 17:15:32;15.20
251;12.79;;L' U R2 B U2 B' R U' R B U2 B' U2 L2 B R2 F2 L2 D2 B2 R2;2026-06-10 17:16:02;12.79
252;14.85;;F' L' D' F R D' B' R B F2 D B2 R2 L2 D' L2 F2 U' L2 B2 D2;2026-06-10 17:16:31;14.85
253;13.92;;R' F' D' L2 B2 D' F2 U2 R2 U F2 U' F2 U' F D2 L' R F L2 B';2026-06-10 17:17:15;13.92
254;16.29;;U' F L' B2 R2 D' F2 U' L2 R2 D' R2 F2 D' R B' R' D' B' D' U;2026-06-10 17:17:43;16.29
255;16.24;;F' R F' U R2 F2 B R' L2 U B2 U R2 L2 U2 F2 L2 U2 D' R2;2026-06-10 17:19:06;16.24
256;16.19;;B' R U' R2 F2 R2 U2 R2 D B2 U' B2 U L2 B' R' B D U B L';2026-06-10 17:20:39;16.19
257;14.36;;B U' F U2 F' D2 L2 D2 B' L2 R2 F2 R' D L2 U2 R' D U;2026-06-10 17:21:09;14.36
258;11.59;;F D R U' L2 R2 D' U' R2 U B2 U' R2 B' D' L F D F' U';2026-06-10 17:21:39;11.59
259;11.84;;U L' B2 D2 F' D2 R2 F D2 B U2 B U B' D' L' U' B2 D2;2026-06-10 17:25:59;11.84
260;15.18;;L2 D2 B2 U2 F D2 B R2 B' L2 B L R' F D2 R2 F' R' B' U F;2026-06-10 17:26:25;15.18
261;11.81;;R' B2 U' B' R' L' D2 R' U' F2 D2 L2 D2 L2 F U2 L2 B;2026-06-11 13:01:15;11.81
262;13.20;;B2 D' L2 D' B2 U2 F2 R2 B2 L2 U' B2 R' D B' U' R U2 R2 U';2026-06-11 13:01:39;13.20
263;13.12;;U R D L B U2 R' D F2 R' U2 D2 R B2 L U2 R U2 D2 F2;2026-06-11 13:05:43;13.12
264;13.52;;L D' L2 B' L F R F2 L2 B2 U B2 D' R2 L2 U' D' L2 D B U2;2026-06-11 13:06:07;13.52
265;17.33;;B' U2 F U F2 D' R2 F2 U2 F2 U' R2 U L D2 R' B' U L U;2026-06-11 13:07:01;17.33
266;9.29;;B F2 U' R2 U F2 L2 U' B2 U B2 U2 L' U2 R' U' B D R' F2 L2;2026-06-11 13:07:32;9.29
267;12.98;;R' D' B' R2 L F2 U F U2 R' D2 R2 B2 L F2 D2;2026-06-11 13:07:56;12.98
268;13.25;;F2 L U2 B2 L2 U2 B2 F2 R B2 R B R U' F2 R' F' L2 F2 U;2026-06-11 13:11:39;13.25
269;14.94;;D2 F D2 L2 B' F2 L2 D2 U2 F' L2 U2 R' B R2 D L D' R2 U2 L2;2026-06-11 13:12:02;14.94
270;11.87;;L' D R2 U2 B' R2 F' D2 B U2 L2 D2 F D L B L D' F L;2026-06-11 13:12:30;11.87
271;15.08;;D2 B' R2 B R2 F' D2 F L2 B2 U2 F' L' D' U2 B' L B D2 L F';2026-06-11 13:12:53;15.08
272;15.63;;L F' D' F2 R2 D B2 L2 U' R2 D2 B2 R2 L U' F2 D' B' D2 U L2;2026-06-11 13:13:24;15.63
273;12.86;;F' U R2 F' R B' D F R2 U L2 D B2 L2 D2 R2 D L2 F2 U2;2026-06-11 13:13:50;12.86
274;15.91;;U2 B2 D2 R2 F2 L U2 R2 B2 D2 F2 U' F D' R U B' F' D B F2;2026-06-12 16:32:14;15.91
275;16.21;;U F L U2 F2 L' B2 F2 L F2 L' U' B F2 D' F' U' F2;2026-06-12 16:32:42;16.21
276;17.16;;D F2 L2 D2 R2 F' R2 F L2 F' D2 B D U' R' U' L2 D B F';2026-06-12 16:34:12;17.16
277;12.37;;R B2 U2 B2 R' F2 R F2 U2 L2 B2 R' D' B U' L B2 R' D2 L' B2;2026-06-12 16:34:43;12.37
278;11.74;;U2 B2 R L' F U' F2 L' R2 D2 F2 R2 D B2 D' L2 U D B;2026-06-12 16:35:11;11.74
279;16.05;;L' B' L' D' B' L2 F' R2 D2 F2 R' D2 R' B2 U2 D2 R' L2;2026-06-12 16:35:40;16.05
280;12.52;;L' B2 R2 U2 R2 B D2 F D2 R2 B2 U2 R' U' R D' L F2 R' D2;2026-06-12 16:36:09;12.52
281;13.58;;U' L2 B' R2 D2 R2 B2 L2 F' D2 R2 D2 B' D' L U L D R B' L';2026-06-12 16:36:55;13.58
282;15.90;;R D2 U2 B2 R U2 L F2 R2 U2 L F' R2 U' R2 D2 F U L U;2026-06-12 16:37:18;15.90
283;16.52;;U2 B2 L D B' R2 F' R' D B2 D' F2 L2 U2 R2 B2 U' F';2026-06-12 16:38:00;16.52
284;18.34;;B L2 U2 B U2 L2 B2 R2 B D2 U2 R D' U' L F2 U2 R B' D L2;2026-06-15 15:46:16;18.34
285;13.73;;L2 D2 B' F2 L2 U' F2 U2 R2 U' B2 U2 L2 U B' L U B2 R2 F' R';2026-06-15 15:48:14;13.73
286;16.27;;F2 D2 L B2 L' U2 L' U2 L' D2 B2 R' B' D2 U2 B' U' L B' F2 L;2026-06-15 15:48:40;16.27
287;17.68;;U2 B2 L2 U' B2 U' L2 F2 D2 F2 B' D2 L2 U R B L' D L2 R;2026-06-15 15:49:11;17.68
288;18.53;;F2 D' F U L B' U' D' R F2 D2 F R2 B R2 L2 D2 B D2 F';2026-06-15 15:49:42;18.53
289;14.36;;D F2 R2 F2 U L2 R2 U' B2 D2 B' L' F R' F L' D' B' R U';2026-06-15 15:50:14;14.36
290;15.63;;R' F' D2 U2 B D2 L2 R2 F L2 F2 D2 R F R' F D2 U' L2 B2;2026-06-15 15:50:49;15.63
291;14.39;;D' L2 D F' L' D2 B R F2 B2 L' D2 B2 L' B2 U2 L B2 R D;2026-06-15 15:51:26;14.39
292;14.96;;D B2 R2 F' L U R' U2 B2 R2 B' R2 U2 B2 R2 B' L2 F' U';2026-06-15 15:51:53;14.96
293;11.87;;B' R' U2 F U L D' B U' F' R2 F B2 L2 U2 F' L2 F R2 D2;2026-06-15 15:52:38;11.87
294;16.76;;R2 F D2 F R2 B U2 B' L2 F2 R B U L' B' F U2 L' R D;2026-06-15 15:52:59;16.76
295;15.97;;R2 F2 L U2 B2 F2 R D2 L' U2 L' D L2 B D2 B2 R B2 L U';2026-06-15 15:53:26;15.97
296;15.31;;F R L B' U2 B' R B D R2 U2 L2 U R2 F2 U2 F2 R2 B2;2026-06-15 15:56:36;15.31
297;12.56;;D2 R2 L D F' L B D2 L U2 L2 F2 D2 B D2 L2 U2 F2 U2 B2 R2;2026-06-15 15:57:03;12.56
298;15.17;;U2 D' F2 U' B R2 L D U2 B' U2 D2 F' L2 D2 B R2 F2 D;2026-06-15 16:00:02;15.17
299;12.49;;R' B U2 D F' R B' U2 R D2 R D2 R' F2 L' D2 B2 U' F;2026-06-15 16:00:30;12.49
300;10.27;;F' B R' L F2 U2 B' R2 U2 R2 F2 D B2 U R2 U2 R2 L2 U L;2026-06-15 16:00:54;10.27
301;11.64;;B' U R' B' D' R F' R' F2 L F2 R' B2 R2 U2 R' U2 B2 R U;2026-06-15 16:01:23;11.64
302;14.95;;R U' L' D F' L2 B2 L B' U' B2 U2 F2 B2 U L2 U' F2 U' D';2026-06-15 16:01:49;14.95
303;15.89;;F' U2 B D2 L2 F' R2 B L2 D2 L2 F L F' R' D2 F U' L2 D' R;2026-06-15 16:02:23;15.89
304;16.14;;F2 L' F2 L' F L B R F2 D2 R2 U2 L' D2 R L F2 U' F;2026-06-15 16:02:50;16.14
305;12.40;;R' D L' U2 D2 R' B F2 D' F2 L2 U D2 L2 B2 L2 U' R2 D2;2026-06-15 16:03:45;12.40
306;11.90;;U R U' D B' R F B R B2 U R2 U D' B2 R2 L2 D B2 R2 B;2026-06-15 16:04:09;11.90
307;14.79;;F R' D' F2 L U R' F' L B2 D' B2 U' F2 L2 D2 F2 D' F2 D;2026-06-15 16:04:33;14.79
308;12.15;;L' B R2 F2 R2 B U2 F D2 F2 D2 R2 U' R U B2 L U2;2026-06-15 16:04:57;12.15
309;15.41;;B' U2 F U2 R2 B2 D2 F' L2 F U R U2 F' D L' R2 B' D U2;2026-06-15 16:05:20;15.41
310;11.78;;R' D L D F2 R2 F2 U2 L2 F2 D' U2 R2 D' L' U2 R F D' B R2;2026-06-15 16:05:48;11.78
311;14.00;;D2 F2 L2 B2 R' F U' R U2 R2 U2 F U2 R2 F L2 D2 B U';2026-06-15 16:06:12;14.00
312;15.44;;F' R D2 R D L2 F R' U L F2 R U2 B2 U2 R2 F2 R' U2 D2 R2;2026-06-15 16:06:40;15.44
313;16.12;;F U R2 D2 R2 U2 R2 B' F2 L2 B' D2 F2 R F L D2 F' R2 U R2;2026-06-15 16:07:12;16.12
314;11.43;;L2 F2 L2 B2 D L2 D' F2 L2 F2 U F' R' D2 B R U2 F2 R B2;2026-06-15 16:07:42;11.43
315;9.31;;L2 F2 L2 B2 D L2 D' F2 L2 F2 U F' R' D2 B R U2 F2 R B2;2026-06-15 16:12:19;9.31
316;14.27;;R2 U' B D R L U R2 F L2 F2 B' R2 D2 R2 B' R2 B' R2 U B2;2026-06-15 16:12:40;14.27
317;16.14;;R B' L D B R2 B' U' B2 D2 R2 F2 R D2 R' B2 R D2 F2 R2 D';2026-06-15 16:13:07;16.14
318;14.11;;L2 R2 D2 L2 B' F L2 B2 F L B' R2 U2 B2 U' B L';2026-06-15 16:13:36;14.11
319;10.10;;L2 D2 B2 R' D2 U2 R2 F2 L' F' L2 U' F R U2 F2 U' R';2026-06-15 16:14:02;10.10
320;16.78;;R' F2 U' R2 F2 L2 F2 R2 D2 L2 U2 L' D2 B L' R2 D L' R D';2026-06-15 16:14:23;16.78
321;13.90;;U F2 L' D' B' U D F D2 R2 D2 L2 U L2 U B2 D F2 U R' F2;2026-06-15 16:14:56;13.90
322;13.57;;D2 B2 D L2 U F2 U F2 R2 D R' U' L' U' F U2 L B2 R2;2026-06-15 16:15:22;13.57
323;14.47;;U2 F' U2 B D2 L2 B L2 F2 D2 R2 L F2 R' U' R2 B F2 U R;2026-06-15 16:17:05;14.47
324;14.13;;R' D' R U' R2 U2 R D2 F2 D' B2 D R2 U R2 F2 D' B2 F' D';2026-06-15 16:17:32;14.13
325;12.24;;B2 U2 R' D2 L2 D2 F2 D2 B2 L2 F2 R U F L' R2 U' R B L' F';2026-06-15 16:20:39;12.24
326;17.95;;D2 F2 R D2 R D2 R' D2 R B2 D' L R' F2 R2 B' L2 D L';2026-06-15 16:27:33;17.95
327;18.10;;L' B' U2 F2 U2 B2 L U2 R2 F2 R' U2 B2 U' L F' U L' U2 B;2026-06-15 16:36:53;18.10
328;10.64;;U' B2 L2 F2 L2 D R2 D2 F2 D' L2 F U' B' L' D U2 R U F2;2026-06-15 16:37:36;10.64
329;9.27;;D L' B R2 D' R2 B U2 D F' U' B2 L2 D B2 D' F2 D2 R2 B2 U2;2026-06-15 16:38:05;9.27
330;13.82;;D2 R2 U2 L' U2 F2 U2 B2 R D2 F2 U' B2 F L' B U R D2 L;2026-06-15 16:39:38;13.82
331;14.33;;B L' D2 R2 F2 D2 F U2 B' D2 U2 F' D2 L U L' B2 U' R U2;2026-06-15 16:40:05;14.33
332;13.77;;B2 F2 U L2 D U' L2 D' R2 F D B D' L' B U' F2 L' U';2026-06-15 16:40:30;13.77
333;11.82;;F L2 B2 L2 B2 D2 F2 U' B2 F2 R U' R F U2 B2 R F D';2026-06-15 16:59:29;11.82
334;15.14;;B R B2 D' U' L2 D B2 F2 L2 R2 U' B2 F' R2 F L' F' R U L;2026-06-15 17:01:30;15.14
335;14.06;;U F D' R2 D' F2 R2 D R2 U F2 U B' D2 F' R B' F U';2026-06-15 17:03:10;14.06
336;14.64;;U2 L2 U2 B' L2 B D2 B U2 L2 F' L B D' U' L B' D U2 F';2026-06-15 17:03:38;14.64
337;17.19;;F' B' L U R D F' U2 R' D2 L' D2 R2 D2 F2 U2 B2 R B;2026-06-15 17:49:53;17.19
338;13.31;;B2 U2 R2 U F2 U F2 U L2 U' B' L F' U F2 R F' D' L' D;2026-06-15 17:50:27;13.31
339;15.22;;B' F2 U2 R2 D' L2 U L2 R2 D B2 F2 L' F' D' L2 F' L' D B R';2026-06-15 17:50:55;15.22
340;11.44;;F' U' R' B2 R2 F2 U B R2 B2 U2 B R2 D2 L2 B2 R2 L2 U' F;2026-06-15 17:51:30;11.44
341;16.99;;D2 R2 B2 L U2 R' F2 R' D2 R B2 R B' R F U B' D' F' R';2026-06-15 17:51:53;16.99
342;11.26;;R2 B2 U2 F2 R' D2 U2 F2 L' R B' L' D' B2 U' L' D B F D2;2026-06-15 17:54:30;11.26
343;15.64;;R' D B F L2 D2 U2 B' D2 B' L2 B' R2 U2 R F U' F' L R2 F;2026-06-15 17:55:08;15.64
344;16.17;;R' U2 F' L U2 L' B2 U2 L2 D2 L B2 F2 L F U F' D' L' F2 D2;2026-06-15 18:06:18;16.17
345;12.59;;R U2 F2 R U2 F2 L' U2 R U2 R F2 U' B F R D2 B2 D U2;2026-06-16 16:54:09;12.59
346;12.36;;L2 B L U2 B' D2 L2 D R' U F2 U' F2 L2 F2 U2 F2 D R2 U2 L2;2026-06-16 16:54:42;12.36
347;15.52;;D R2 U' B2 U2 F2 L2 B2 D R2 D' B R U2 B' R2 U' R' U B;2026-06-16 16:55:05;15.52
348;12.11;;F L2 R2 F U2 L2 B2 F' U2 F' L2 F' U L2 U2 L B2 L2 D B';2026-06-16 16:55:32;12.11
349;12.42;;L R2 F R2 B2 R2 F D2 R2 F' L2 B2 F' D L2 U' L2 B' U' L' R;2026-06-16 16:55:57;12.42
350;12.09;;D' B' D2 B2 L2 B2 D B2 D B2 F2 U2 L' B R' U' L U2 B L;2026-06-16 16:56:24;12.09
351;15.13;;U R' F D2 B' R L' U F B2 U D2 R2 F2 R2 U' B2 U L2 U' R2;2026-06-16 16:56:49;15.13
352;11.36;;B2 F2 L' U2 L2 F2 L B2 L' F2 U2 R' U' R2 B F D' U' B R';2026-06-16 16:57:17;11.36
353;13.98;;D B2 U' B2 D R2 U2 L2 R2 B2 F' R2 F D L D' F2 L' U';2026-06-16 16:57:42;13.98
354;15.23;;U2 R' D2 L2 U2 B2 L2 B2 L2 B R2 B' U2 F' R D2 L' R2 U' F2 R;2026-06-16 16:58:51;15.23
355;16.62;;F' R' F' B' R D B D' R' U2 F2 R2 B2 U B2 U2 D' B2 D' L2 B2;2026-06-16 16:59:43;16.62
356;13.09;;U L B' R F L' D' F2 U D2 R' L2 B2 D2 F2 B2 L' U2 D2 L' U2;2026-06-16 17:00:47;13.09
357;16.59;;F2 L2 D' F2 U B2 F2 D' U' F2 L2 U F R U' B F U2 R B' F;2026-06-17 16:14:46;16.59
358;17.09;;D L2 U' F2 U L' D2 F U R2 D2 R2 D2 F2 D' B2 D' B2 U2;2026-06-17 16:15:19;17.09
359;11.74;;B' F' L2 F' R2 U2 B' D2 U2 R2 F R F2 D' R D2 R2 D' L2 B2;2026-06-17 16:15:52;11.74
360;11.99;;R' B D2 R D2 B2 D L' U' R2 F2 U' F2 L2 D' F2 B2 R2 U' R';2026-06-17 16:16:21;11.99
361;12.97;;F' L' U L D2 L2 D F2 L F L2 D' R2 L2 U' D L2 F2 D L2;2026-06-17 16:16:44;12.97
362;12.86;;D2 F' B2 U B2 F2 D' L2 D U F2 L B2 U L2 D L D2;2026-06-17 16:17:09;12.86
363;13.25;;F2 L B' L B' U F' L B' D2 F2 R' F2 R U2 R B2 R D2 R;2026-06-17 16:17:32;13.25
364;13.91;;F2 D L2 D' F2 D' F2 R2 D' F2 U' B' R2 B' D L' U R' U' B D2;2026-06-17 16:17:56;13.91
365;14.27;;L U' D' F R2 L' U2 F U D2 R' F2 U2 R2 D2 L B2 L' D2 F2 L2;2026-06-17 16:18:26;14.27
366;17.54;;R' U' F' D2 R2 U2 R2 F' D2 B' F2 U2 B2 R2 D R D L' D L2 D2;2026-06-17 16:18:52;17.54
367;10.32;;U B2 L B2 U L' F D' R' B2 U D2 F2 L2 F2 R2 U' R2 U;2026-06-17 16:19:21;10.32
368;16.93;;R' D' B2 R2 L' U B D R' L2 F2 U' B2 D B2 U F2 L2 F2 R2 U2;2026-06-17 16:19:43;16.93
369;14.50;;F2 U' R2 U' B2 L2 U L2 R2 F2 R2 U2 B F2 U F L2 B U R U';2026-06-17 16:20:11;14.50
370;10.70;;B2 U F2 U L2 U L2 R2 B2 L2 R2 U' F L U2 B' R F' D' R' B2;2026-06-17 16:20:38;10.70
371;13.80;;B D2 U2 R2 F2 D2 F U2 F' L2 F2 L D B U' B' R U F R2;2026-06-17 16:21:02;13.80
372;14.16;;U2 R2 D B2 D2 R2 U' R2 U' R2 F' L' B' D' U2 R2 D2 F2 L R;2026-06-17 16:21:26;14.16
373;12.23;;F2 L2 R2 F' R2 F2 D2 L2 F L2 F' U' B L2 D2 R D2 F2 D' L';2026-06-17 16:25:26;12.23
374;11.83;;F2 R F' L2 U2 B F L2 F R2 B U2 F' R' F' U' L B' L U;2026-06-17 16:25:48;11.83
375;13.15;;D L2 D' F2 D' F2 L2 U F2 L2 U F L' B D' U' L B2 L2 F;2026-06-17 16:26:11;13.15
376;13.86;;L F2 U2 F2 L F2 R2 U2 R' D2 B2 R2 D' L2 R' F R2 D U B U;2026-06-17 16:30:25;13.86
377;14.40;;D2 F2 R2 D2 R2 U F2 U2 B2 L2 B D' F2 R U L' B' L' F2 R;2026-06-17 16:30:50;14.40
378;14.15;;D' B2 L2 U2 B2 L2 U2 B R2 B' L2 D2 B' U R D F2 R' D' U2 R2;2026-06-17 16:31:23;14.15
379;15.23;;R2 F2 B' D' R' L' B' U D2 R2 D2 R2 F' U2 F L2 F' U2 B U';2026-06-17 16:31:51;15.23
380;15.07;;R F' L D2 F B2 L' D2 B D L2 D' F2 U B2 D2 L2 F2 D2;2026-06-17 16:32:24;15.07
381;15.45;;F' D' L' F B D2 L U F' U L2 F2 D' B2 R2 U' D L2 U';2026-06-17 16:32:50;15.45
382;12.28;;B2 D2 R' D2 B2 L2 R B2 D2 U2 L F' L2 U' F D L' D' B' D2;2026-06-18 17:06:49;12.28
383;14.89;;R U2 F2 L' F B D' B' L2 B2 U F2 D2 L2 U B2 U F2 D' F2;2026-06-18 17:07:18;14.89
384;15.70;;F2 U B2 F2 R2 D B2 U2 F2 U R2 F D2 L' D U' B L U2 L U';2026-06-18 17:07:46;15.70
385;13.45;;D' R' B2 U' B2 U2 R2 D2 R2 D' F2 B' R B2 R2 B D2 R2 U';2026-06-18 17:08:18;13.45
386;9.83;;R U2 D' L F U' R U L2 F2 U B2 U2 B2 U' R2 F2 B2 D' R' U;2026-06-18 17:08:51;9.83
387;12.65;;U2 L D' B2 U' R2 D2 R2 B2 R2 D B2 F2 L2 F R' D' U2 L' F' R';2026-06-18 17:09:13;12.65
388;11.91;;R2 F D2 L' U2 R2 B2 D2 R' D2 U2 L' R2 D' F U' R B' L F2;2026-06-18 17:09:38;11.91
389;11.11;;F2 U D2 L2 B' R D' F L2 U D L2 B2 D2 R2 B2 U L2 D' L2 R;2026-06-18 17:10:03;11.11
390;17.35;;L D R U2 R2 D' R2 U' R2 B2 D L2 R2 B2 F D' U F L' B' F2;2026-06-18 17:10:25;17.35
391;13.37;;F2 R D2 L R2 B2 U2 R F2 U2 L U' B2 F' R U2 R B U2 R;2026-06-18 17:10:54;13.37
392;13.13;;B R2 F2 B2 R D' F D R2 D2 F2 D' L2 D2 B2 L2 D' R' B';2026-06-18 17:11:20;13.13
393;11.50;;L' F2 U B' L2 B' U' B2 U2 F2 L2 B2 U2 L B2 R' F2 U2 R' D' R';2026-06-18 17:12:29;11.50
394;11.68;;R' B' D' R' U R L2 B F2 U2 L2 B2 D R2 L2 U F2 U F2 B2;2026-06-18 17:12:53;11.68
395;9.79;;F2 D R2 B2 R F2 D' U2 L2 D2 B' R2 B' D2 B' U2 R2 U' B2;2026-06-18 17:13:16;9.79
396;10.51;;U' L' U' R2 U' L2 F2 D2 L2 U2 R2 U R D U2 R F R B2;2026-06-18 17:13:43;10.51
397;13.79;;F U2 F' B' U D' F R F2 R2 F2 R B2 R B2 L' F2 R' B2 D L;2026-06-18 17:14:13;13.79
398;14.51;;D2 F2 L2 R2 D B2 U' L2 U B L U F D' B2 R' U2 B2 L';2026-06-18 17:14:45;14.51
399;16.45;;L' D2 L B2 L' D2 R' B2 U2 B2 U' R' U2 L2 B L D' U' L2;2026-06-18 17:15:09;16.45
400;12.90;;D F R U2 R2 B' D' L F L2 U2 F2 L2 F R2 F U2 R2 U' R';2026-06-18 17:15:35;12.90
401;13.43;;D' R B' U2 L2 R2 B R2 F' D2 U2 F L B2 L2 D' B R2 U R2;2026-06-18 17:16:01;13.43
402;11.18;;B2 R2 F2 R' U2 F' D F D2 F' U2 D2 F U2 B2 L2 U2 B D;2026-06-18 17:17:01;11.18
403;18.57;;D2 B U' L' D' R' U D' F2 L2 F D2 B U2 L2 F' U2 R2 B2;2026-06-18 17:17:38;18.57
404;13.77;;R2 B2 L' U' R2 F' D U2 F U2 F2 L2 D2 B' D2 F L2 F L' B2;2026-06-18 17:18:08;13.77
405;13.07;;U2 D2 B R' U' F' D R' D F U2 F' D2 B2 L2 F D2 R2 F' L2 D2;2026-06-18 17:18:32;13.07
406;12.22;;U L F2 D' B' R2 F R2 U2 B2 D2 B2 D2 R B2 L' D2 B' R;2026-06-18 17:18:56;12.22
407;11.91;;D R2 B R U' R2 L' U' R2 F2 R2 D2 R U2 L2 F2 D2 L' B2 D';2026-06-18 17:19:20;11.91
408;14.15;;D R' D' F2 D' F2 D' R2 U' R2 B2 L2 B' F D' R' D U' B2;2026-06-18 17:19:49;14.15
409;16.39;;B' U' B2 U2 R2 D F2 D F2 U' B2 R2 B' F D' L B2 R' F U2 R2;2026-06-18 17:20:20;16.39
410;10.21;;U R' B2 L D2 R2 F2 D2 U2 R F2 D2 B' R2 D' U2 R' B' F' R;2026-06-18 17:20:48;10.21
411;14.87;;L F2 D F2 U' R2 U' L2 D2 R2 B F' L U' F' D2 L2 D2 R';2026-06-18 17:21:10;14.87
412;11.54;;B U L' F D' L U R2 U B2 D2 R2 D' R2 B2 U F2 U' R F2;2026-06-18 17:21:37;11.54
413;14.79;;F' B R' B D R' B' D2 R B2 U2 L2 D2 R' F2 D2 L' F R;2026-06-18 17:22:00;14.79
414;16.69;;F B2 L D2 U2 F2 R' F2 R2 D2 U2 R' B L' D L R' B2 D' U2 R';2026-06-18 17:22:29;16.69
415;12.07;;D' F' L' U' R2 B U2 F' R' F2 L2 B2 L2 D2 R2 F U2;2026-06-18 17:23:01;12.07
416;13.54;;L2 U2 L2 U2 F2 D U2 L2 B2 F U' R U L B R' B2 F2 R2;2026-06-18 17:23:24;13.54
417;15.36;;L U' F2 R2 F2 R2 F2 D R2 U' L2 F D2 R' U2 B F L R2 B';2026-06-18 17:23:49;15.36
418;16.71;;L2 U B2 D2 F2 U' L2 B2 F2 D' L2 U B L2 D' U B' L' R F' R2;2026-06-18 17:24:15;16.71
419;12.47;;D L F' B2 L B2 U R2 F L2 F' U2 L2 F R2 L2 F2 R2 L' U';2026-06-18 17:24:47;12.47
420;12.50;;L2 F2 D B L F U' B' R D' L2 D' R2 D' L2 B2 U2 B2 U' F2;2026-06-18 17:25:09;12.50
421;13.44;;U R2 B2 R2 U' R2 D' B2 R2 D2 R D2 R D' F L B R' D2 U B';2026-06-18 17:25:34;13.44
422;12.62;;D2 R' U2 B2 R U2 R' D2 L' B2 R2 F2 D F D2 U B2 R B2 D' B';2026-06-18 17:26:02;12.62
423;19.52;;L' D' B F2 R2 F' R2 D2 R2 B' U' B R' B D' F' U F;2026-06-18 17:26:31;19.52
424;13.83;;R2 D2 R' F R2 D F R2 B L B2 L F2 U2 R' D2 B2 R F2 U2;2026-06-18 17:27:01;13.83
425;11.71;;B' L B2 F2 L2 D' U' B2 D B2 F2 L2 R F' R B' D' B' L F2;2026-06-18 17:27:48;11.71
426;11.33;;D' B2 U R2 U2 L2 F2 U F2 U2 B2 F L' B2 D R F2 U' L2 B' D;2026-06-19 14:08:11;11.33
427;16.92;;U2 F L F2 R2 D2 B' D B2 D2 R2 F2 U2 R2 U' F2 R2 D F;2026-06-19 14:10:00;16.92
428;15.96;;R2 B2 D2 U2 L2 F U2 F2 L2 F' D2 F2 L D R' D2 F' L' B2 U L';2026-06-19 14:10:31;15.96
429;12.77;;R2 U B2 U2 R2 D R2 U R2 B2 D R' F D' L B' U' B2 D' F D2;2026-06-19 14:11:11;12.77
430;12.85;;U F L' D' B' R F' L U R2 F2 D' B2 L2 B2 R2 U F2 D' F';2026-06-19 14:11:49;12.85
431;14.01;;U2 F' L' B2 D2 R U B2 R2 L2 D2 L2 F D2 F' U2 F' L';2026-06-19 14:12:13;14.01
432;11.46;;U' F2 R2 U2 F R' U R2 D2 F U2 L2 B L2 B U2 F R2 U2 R' D;2026-06-19 14:12:42;11.46
433;13.91;;R' F2 R' F2 U2 R F2 R2 F2 R' F D L' B2 U F2 L2 F' D' R';2026-06-19 14:13:12;13.91
434;18.31;;F2 L2 U B2 R2 D' B2 U2 R2 U B2 U' R D L U F' L' B L R;2026-06-19 14:13:39;18.31
435;18.81;;L2 U F2 L2 U' F2 L2 U' F2 D F2 B' R2 U2 F' L' U2 R D' R F';2026-06-19 14:14:11;18.81
436;13.84;;D' L' U L2 D' R' F2 B R F2 L2 B U2 B2 D2 R2 B' U2 D2 B' L2;2026-06-19 14:16:46;13.84
437;17.26;;F R' F' R2 B2 R2 D2 B' R2 B' R2 F2 R2 D2 R B2 L' D' R' D2 U;2026-06-19 14:17:12;17.26
438;16.29;;D2 L2 B2 U' R2 U L2 D2 F2 L' U B2 D' U B F U' L F2;2026-06-19 14:17:41;16.29
439;16.67;;U2 R B2 L D2 L B2 U2 R F2 R2 F L' F D' U' F2 L' F' U' B;2026-06-19 14:18:09;16.67
440;15.39;;L' D' L2 B2 L2 B F2 D2 F2 R2 D2 L2 B' R B D' B' U2 F D';2026-06-19 14:18:36;15.39
441;10.71;;U B' D' F2 D2 R2 B2 D' L2 U' F2 U B2 U' R B' F2 D' R U L';2026-06-21 15:42:27;10.71
442;14.68;;B' L2 B' R2 U2 F' L2 F' U2 B' R2 D R' F' L' U' F2 U L B';2026-06-21 15:42:57;14.68
443;11.34;;D L2 D' F2 D' R2 D L2 U' F2 D2 F' R2 U' R F' R2 F2 L' F2;2026-06-21 15:43:26;11.34
444;14.72;;D F' R2 B2 D2 B2 D' R2 D' L2 B2 U F R B' F' L2 D2 U' F';2026-06-21 15:44:02;14.72
445;17.04;;L2 R2 B2 U B2 D' L2 D B2 L2 D2 L' D2 B F D2 U' L D R2;2026-06-21 15:44:31;17.04
446;14.12;;U' L' F' U D' F R' U2 B' D2 F' D2 F R2 U2 D2 B' D2 R U;2026-06-21 15:44:59;14.12
447;17.29;;U R' U' F B' L F R2 B2 R' B2 L' D2 L' B2 D2 F2 R U B;2026-06-21 15:45:23;17.29
448;17.41;;F L2 D' B L F' B R L2 F' L2 B2 D2 L2 D2 B' U2 B' R2 B;2026-06-21 15:45:55;17.41
449;11.35;;B' R2 B2 D2 U R2 U R2 F2 R2 F2 B L' B2 D U' F L2 D R2;2026-06-21 15:46:49;11.35
450;13.91;;B R' F2 B' U B' R U2 R U R2 B2 L2 B2 L2 U' F2 U' F2 L2;2026-06-21 15:47:11;13.91
451;12.19;;B' U2 F2 L' D2 L' F2 R D2 F2 R' U2 R2 D' F' D2 U' B2 L D2 F';2026-06-21 15:47:56;12.19
452;12.01;;R U F' U2 F L' F' U B U2 L U2 B2 R2 B2 U2 B2 L B2;2026-06-21 15:48:46;12.01
453;14.45;;B D' L F2 R U2 R F2 L R' B2 F2 R' F' U R U B L2 D F;2026-06-21 15:49:10;14.45
454;13.12;;D' F' U R2 D B2 F2 R2 B2 R2 U' F2 D2 L F2 D F' D' U L2;2026-06-21 15:49:37;13.12
455;10.02;;D L2 F' L D' R B F2 R U2 R U2 L B2 U2 R' U2 L D L';2026-06-21 15:50:01;10.02
456;14.32;;U2 L' D2 R' U2 F2 R F2 R' B2 L U2 B' D F D B L R2 U';2026-06-21 15:50:26;14.32
457;13.82;;U2 L2 U2 L2 F' D2 U2 L2 B2 F2 U2 F L' B2 D R D2 B2 U F U';2026-06-21 15:50:50;13.82
458;12.76;;B U2 B2 U2 R F2 R' B2 U2 R D2 B2 U' F2 R D B' F L F2;2026-06-21 15:51:16;12.76
459;15.22;;U' B2 L2 B' D2 L2 F2 D2 R2 B D2 B' D' L2 D2 F U R D2 B';2026-06-21 15:51:40;15.22
460;12.89;;R2 B2 R2 F U2 B' F' D2 L2 D2 L2 F2 U F D2 L' F R B D F;2026-06-21 15:52:09;12.89
461;13.45;;B2 U' R' B U R' L2 D' R B2 R' D2 B2 R' F2 D2 L2 D2 R';2026-06-21 15:52:31;13.45
462;14.21;;U R' F D' R2 B2 F2 U L2 U R2 B2 R2 D' L' B' D B2 L2 D F2;2026-06-21 15:52:56;14.21
463;13.00;;L2 F L' B2 R' U' B R U2 R2 U' R2 U2 F2 D B2 L2 D2 R2 D;2026-06-21 15:53:23;13.00
464;15.25;;R2 F R2 B U2 L2 F2 D2 B R2 B' F' R' F2 D' F L B2 D' L2;2026-06-21 15:53:50;15.25
465;13.50;;F2 R2 B2 D B2 D B2 L2 U2 B2 U L2 F' D B R' D2 F D' L' U2;2026-06-21 15:54:19;13.50
466;17.13;;U2 L2 D B2 D U B2 R2 U' R2 U' R2 F D R' D2 L U' F' U L;2026-06-21 15:54:58;17.13
467;16.06;;D2 R2 L2 B' U R L D' F' L U2 D2 R F2 L' U2 D2 F2 L' F2 U2;2026-06-21 15:55:26;16.06
468;13.61;;F2 U' B2 L2 U' R2 D B2 R2 U' F2 L' F D U F' L' U2 L' U2;2026-06-21 15:56:12;13.61
469;14.29;;R' D2 L2 D' U2 R2 F2 D2 L2 F U' B2 D R B' L' F U';2026-06-21 18:22:59;14.29
470;13.39;;B2 U2 R2 D2 B D2 F' L2 B2 R2 D2 R' F2 U' L D2 L2 B' F L D';2026-06-23 17:18:00;13.39
471;13.61;;U' B R2 F D2 B' U2 B2 U2 F L2 B U F2 R D' B2 D F';2026-06-23 17:18:29;13.61
472;15.40;;D2 B2 F2 D' B2 U L2 B2 U2 B2 U2 B' R U' L B' F' L D2 F2;2026-06-23 17:18:54;15.40
473;16.53;;U2 L2 B2 L2 R2 D' U' B2 U B2 L2 B U2 L U' F R' B U' R' U';2026-06-23 17:19:20;16.53
474;11.33;;B' D2 U2 F2 L2 U2 L B2 L B2 R2 B2 R' F U' F' D L' D2 L2;2026-06-23 17:19:55;11.33
475;11.92;;D L2 D2 R U F D2 R' F' U2 B' D2 R2 B D2 F2 D2 R2 B' D;2026-06-23 17:20:17;11.92
476;10.04;;R2 F2 U B2 F2 U2 F2 D L2 B2 L D B2 D2 B U' F2 D';2026-06-23 17:20:40;10.04
477;16.78;;U2 L2 R2 U' F2 U B2 U L2 B2 U2 F2 B' R' D F L2 F2 L B2;2026-06-23 17:21:02;16.78
478;13.49;;U2 F2 R U2 R D2 L' U2 L' R2 B U R2 D' F D' B' D;2026-06-23 17:21:31;13.49
479;12.06;;R2 F D' R B U' L U2 R2 F R2 B2 R2 U2 F' D2 B' R2 U L2;2026-06-23 17:21:55;12.06
480;12.93;;L2 D' R2 U' L2 U L2 D R2 B2 L' F L D' F2 R' U2 B2 D';2026-06-23 17:22:22;12.93
481;9.62;;R B' U2 R U' L U2 D L U' R2 L2 D' F2 U' L2 U' F2 U;2026-06-23 17:23:38;9.62
482;15.68;;R B' L2 B2 L' U2 L' D2 L2 F2 L U2 R2 F' U2 B2 L' D L2 U F';2026-06-23 17:24:00;15.68
483;12.46;;B R2 D2 B2 U2 B2 L2 R2 D R2 D B2 F' R' B' U' L2 B2 D2 U';2026-06-23 17:24:32;12.46
484;14.20;;D' B' F2 U' L2 R2 F2 U F2 D L2 F2 D B2 R' D L U L B' R';2026-06-23 17:25:00;14.20
485;15.75;;B R2 B2 L2 R2 B' D2 F D2 L2 F U2 D' R B' D2 F2 U' B2 U;2026-06-23 17:25:28;15.75
486;13.39;;F' R2 B' L2 B U2 B L2 D2 U2 F' D' L' B D' L2 B L2 U' R;2026-06-23 17:26:00;13.39
487;16.80;;U2 L2 B' L2 B U2 R2 B' R2 B2 D2 F' R F L2 R2 D F R D2 F;2026-06-23 17:26:29;16.80
488;10.54;;F2 R2 D2 B R2 D2 F D2 R2 B2 U2 F' D' F' U B R D2 F' U L;2026-06-23 17:26:58;10.54
489;11.67;;F B2 U' B L F2 R' L2 B' L2 U R2 U' R2 L2 B2 U' R2 U2 B2 D';2026-06-23 17:27:24;11.67
490;17.15;;U' F D L U' F2 B U' F2 U2 F' D2 F U2 L2 F2 R2 B L2 F R;2026-06-23 17:28:11;17.15
491;15.24;;U2 L2 U' L2 U F2 D' L2 R2 U2 B2 L U2 R' B' R D U R2 U;2026-06-23 17:28:41;15.24
492;16.17;;U' F2 D L2 D' L2 U' F2 U B2 U F R2 D' L B F D2 R' U R;2026-06-23 17:29:11;16.17
493;19.20;;L2 U' L2 R2 U' B2 D' F2 R2 U L D' B L2 U R B' D F D';2026-06-23 17:29:45;19.20
494;15.25;;R D2 U2 B' R2 B U2 R2 U2 R2 F' D2 L D U2 L' B' L' F' U F2;2026-06-23 17:30:28;15.25
495;14.08;;D' F D B2 D R2 D' L2 U2 F2 R2 F2 L' B' D' B' U R D2 U2;2026-06-23 17:31:04;14.08
496;12.54;;R' F' B2 R' U' L' B U' F U F2 B2 U' B2 D L2 D B2 R2 L2;2026-06-23 17:31:30;12.54
497;11.99;;U' R' B L2 U2 F R2 D2 L2 F2 L2 F2 R F' U B R B D2 F2;2026-06-23 17:31:59;11.99
498;20.67;;U' R' F2 D2 F2 D R2 B2 U F2 D' L2 U F2 L' F L' U B2 F' R;2026-06-23 17:32:53;20.67
499;13.24;;R' D' R D2 R2 U F2 U B2 L2 D' L2 B2 L D2 L2 U' B' U' L2;2026-06-23 17:33:33;13.24
500;15.39;;L2 D B2 L2 B2 D' U' L2 U F2 L2 U L D' U2 F2 U F U B D';2026-06-23 17:34:00;15.39
501;12.58;;D F2 U B2 L2 D2 B2 L2 F2 U' L2 R2 F U2 L' B' F2 U2 L2 U F';2026-06-23 17:34:27;12.58
502;14.66;;R U' B2 D' L2 U L2 U' L2 F2 D R2 B' L2 R' F L2 F2 L B;2026-06-23 17:34:52;14.66
503;13.08;;F R' U2 B' L2 U2 F U2 B R2 U2 F2 D L' B U B2 F' U2;2026-06-23 17:35:18;13.08
504;16.14;;F' U F' R2 B D2 R2 B2 U2 B U2 F2 R2 F' L' D R' F' L D2 B;2026-06-23 17:35:45;16.14
505;12.79;;B' L' R2 D B2 D L2 F2 U' F2 U B2 L2 F2 B' U2 R U' F2 L R2;2026-06-23 17:36:13;12.79
506;14.08;;U2 R' D2 U2 B2 R U2 B2 L U2 L2 D' B D L U R' D' B2 D2;2026-06-23 17:37:00;14.08
507;11.85;;U F R2 B U' R L' F B2 L2 D' F2 U2 B2 D L2 D' R2 B2 U L;2026-06-23 17:37:26;11.85
508;15.19;;R2 U2 R2 D2 F U2 B2 F' L2 B2 U2 L D R' U' L B' F D R;2026-06-23 17:37:51;15.19
509;11.96;;F2 L D R' U F' D' R2 D2 F' L2 F D2 L2 B2 D2 B2 D' L;2026-06-23 17:38:20;11.96
510;15.26;;B R2 B L2 F2 R2 D2 B' R2 F U2 B' R' D U F U B' R' D2 L';2026-06-23 17:38:45;15.26
511;14.64;;R2 U2 R B L2 F L U' B2 U F2 L2 U' B2 L2 B2 U' D' L2 F' L;2026-06-23 17:39:19;14.64
512;16.39;;F' R2 U L2 R2 U' F2 R2 U2 F2 U R2 U2 B' L' F2 L' B L B';2026-06-23 17:39:54;16.39
513;16.81;;R2 U' L2 F2 U' B2 U' F2 D R2 B' U' F2 L2 D L' R F D';2026-06-23 17:40:31;16.81
514;14.37;;B2 U' B2 R2 U2 B2 D B2 R2 D' R2 U' B' L2 R F2 U' B2 F R2 D2;2026-06-23 17:41:55;14.37
515;13.75;;U B2 L2 U' B2 L2 U2 L2 U' F2 L' B U' R' U' F L2 U' L D2;2026-06-24 13:30:51;13.75
516;17.30;;R' L' D' L B U R' B' U2 L2 D F2 D' F2 U2 R2 F2 L2 D2;2026-06-24 13:31:17;17.30
517;12.13;;F2 R2 U2 L' U2 F2 U2 L B2 L D2 R' B U' R2 F U B R' D2;2026-06-24 13:32:05;12.13
518;12.81;;F2 U2 B2 D2 U' B2 L2 U R2 B U' R' F2 U' F2 L B2 R U2;2026-06-24 13:32:34;12.81
519;11.52;;R D' R' F' U B2 R2 U2 R' F2 R2 D2 F2 B' L2 U2 F2 D2 B2;2026-06-24 13:33:02;11.52
520;14.40;;B2 L B2 L' B2 R' D2 L2 F2 L' D2 B' D R2 U2 L2 B L' U' R B2;2026-06-24 13:33:27;14.40
521;12.63;;U' F R F' U R2 D2 F' D' R B2 R B2 D2 L2 F2 U2 R D2 L2;2026-06-24 13:34:00;12.63
522;9.88;;U2 L2 U' L2 B2 R2 D R2 U' B2 F2 R F' D2 R U R U' F2 D F2;2026-06-24 13:34:26;9.88
523;12.03;;L U' R' L D F D' R' U F2 L2 U2 F L2 B2 U2 R2 U2 B U2 B2;2026-06-24 13:34:52;12.03
524;14.20;;U2 R' D' F2 L2 R2 D' B2 F2 D' L2 U' R2 D' B' D U2 B2 F R F2;2026-06-24 13:35:17;14.20
525;13.66;;U2 D' F' R' U2 D R2 L' D B' L2 U2 B R2 D2 L2 D2 B' D2 R2;2026-06-24 13:36:59;13.66
526;12.09;;B' D2 L' F2 R F2 L2 D2 F2 D2 F2 U' L B' D' L F R' D2 R2;2026-06-24 13:39:32;12.09
527;13.94;;F2 D2 U2 R U2 B2 U2 R2 F2 L' R D L' D' U F D B2 U' R;2026-06-24 13:39:56;13.94
528;12.33;;B2 U2 B2 F2 L' B2 L B2 L' U2 L F L F2 L2 B' R' D' L2 U2;2026-06-24 13:40:21;12.33
529;12.49;;L' R2 D2 F2 D2 F2 L2 F2 U' B2 D B2 F R' B' D F U L' B F';2026-06-24 13:40:45;12.49
530;16.63;;U' B2 R F R F D2 L' U' F2 L2 F2 B L2 U2 F' U2 D2 F' U2 B';2026-06-24 13:41:12;16.63
531;16.39;;B2 R2 U2 F D2 R2 F' L2 B2 D2 R' U L F D' B U2 B2 D;2026-06-24 13:41:39;16.39
532;15.22;;D2 U L2 B2 U L2 U' B2 D2 F2 R B' U R U' F' U2 L2 D' L';2026-06-24 13:42:24;15.22
533;19.37;;D2 R2 D2 L U2 D R D' B2 U2 R2 B2 R2 D2 F' D2 F R2;2026-06-24 13:42:53;19.37
534;12.22;;F2 R2 U F2 R' U L F L2 D R2 F2 D2 F2 D2 F2 D' F2 B2 U';2026-06-24 13:43:29;12.22
535;11.85;;L B L2 F' B D F U' B F2 U2 F2 R' B2 R' D2 R F2 D2 L U2;2026-06-24 16:25:26;11.85
536;13.54;;F2 L D2 B' U2 B L2 R2 F2 L2 B' U2 B' F' R B' D R' B2 U' B';2026-06-24 16:25:53;13.54
537;10.35;;B L2 U2 L2 F' D2 B F2 D2 F D2 F' D L2 B' R' B' U' F' U F';2026-06-24 16:26:25;10.35
538;15.57;;U' L D L' D' F2 U R D2 F L2 F2 U2 R2 F2 D2 B U2;2026-06-24 16:26:50;15.57
539;12.68;;D2 F2 L2 B2 D F2 D L2 D2 U L' F2 R' B L2 U R' B2 R;2026-06-24 16:27:15;12.68
540;12.94;;D R2 B2 R2 U B2 R2 U L2 B2 U B' U R B' L F' L2 R2 B';2026-06-24 16:27:38;12.94
541;13.79;;L2 F' D2 B2 U2 F' U2 F' D2 L2 F' R U2 L' F R D B2 U2 R;2026-06-24 16:33:37;13.79
542;17.48;;U' B R' U' B' D2 B2 R D' U2 F B2 D2 B2 R2 U2 L2 B' U2 L2 U;2026-06-24 16:34:02;17.48
543;14.89;;U2 F2 L D2 B2 U2 R2 D2 L2 B2 L B F L D' R' D L R U';2026-06-24 16:35:17;14.89
544;16.10;;D2 L' R2 U' B2 D L2 U L2 U2 B2 U' B2 U F D' L2 D2 L' R' F;2026-06-24 16:35:44;16.10
545;17.25;;F B D F2 B2 D' R' F2 U2 B R2 U2 F' U2 F2 D2 B' U2 D B2;2026-06-24 16:36:14;17.25
546;11.06;;R' L2 F2 U2 L' F B2 R F2 L2 F2 U' R2 U D2 L2 B2 U B2 F';2026-06-24 16:36:43;11.06
547;9.56;;B' L2 B2 U2 D' B' L U' R2 U2 B2 U' B2 U' L2 U R2 U2 L U2;2026-06-24 16:37:05;9.56
548;15.44;;U L2 U' B2 F2 L2 D' L2 D' F2 D' F R2 U' L2 F2 L' B' L2 F' U2;2026-06-24 16:37:32;15.44
549;10.69;;F2 L' B2 R2 B U' F' B2 U2 R' D2 L2 B2 U2 L' D2 R2 B2 R D B';2026-06-24 16:38:00;10.69
550;13.59;;U L2 U2 R2 B2 U' F2 L2 R2 D2 R2 U F D' B2 U L2 U F L';2026-06-24 16:38:39;13.59
551;13.15;;B2 R2 D' R2 D2 L2 D B2 D F2 L D F U2 R' D2 F' U R2 F2;2026-06-24 16:39:04;13.15
552;11.10;;F2 U' F' B' L' U' R U2 F L2 U B2 U F2 L2 U' R2 D L2 U2 F2;2026-06-25 16:23:11;11.10
553;13.07;;U2 B' U' R2 F2 R2 U' B2 D' U2 B2 D2 L2 B' L' U R2 D' F' R' F;2026-06-25 16:23:35;13.07
554;15.67;;B' L2 D' L2 B2 U L2 F2 D F2 D2 B U2 L D2 B' U' B D R';2026-06-25 16:24:00;15.67
555;13.69;;D B' L2 D' R L' U2 D R F' L2 U2 F' R2 D2 B L2 F2 U2 B;2026-06-25 16:24:30;13.69
556;14.28;;U' D B2 L2 D2 B L F2 U R2 D' R2 U2 F2 D2 F2 R2 F' U';2026-06-25 16:24:59;14.28
557;12.53;;F D B2 D2 B2 R F2 L R' B2 F2 L' U2 R' D' B' U L2 B2 R' B;2026-06-25 16:25:34;12.53
558;14.23;;R' D F2 R2 D' F2 U' F2 D' F U B F D' B2 D2 R2;2026-06-25 16:25:58;14.23
559;13.01;;R B2 U' D2 F R B D B2 L U2 B2 L2 F2 R' D2 L2 F2 U2 F U2;2026-06-25 16:26:26;13.01
560;13.64;;R U' B2 F2 L2 U' F2 D2 L2 F2 U R' D' L2 F L' D' B' F D;2026-06-25 16:26:52;13.64
561;11.63;;L' B' F2 D' B2 R2 U' B2 U' F2 D R2 U' R2 B L D2 F' D' U' B;2026-06-25 16:27:17;11.63
562;10.66;;U' D2 R2 F' D R F U2 B' U F2 R2 D' F2 R2 U2 L2 U;2026-06-25 16:27:42;10.66
563;12.23;;U2 L2 F U2 B' R2 F2 R2 D2 R2 B' R B' L' U R2 B' L' U2;2026-06-25 16:28:04;12.23
564;13.99;;F' B L' B D' R' D2 F' D2 R2 U2 L2 B2 U2 L D2 L F2 D2 U;2026-06-25 16:28:32;13.99
565;11.16;;L B' U L' B' L2 U2 F L' R2 U' F2 U L2 B2 R2 B2 D2 B2 D';2026-06-25 16:28:57;11.16
566;13.64;;D2 B2 F2 L2 U2 R2 U' L2 U' B2 D B R U L2 B2 D B' D B;2026-06-25 16:29:18;13.64
567;13.24;;U2 L U2 L2 D2 B2 D2 B2 L B2 U' F' R' D2 B' F D R2 B L2;2026-06-25 16:29:43;13.24
568;9.61;;B2 L2 U B2 D' B2 F2 R2 B2 U' R2 L U B' F2 R2 D' L' F D2 F2;2026-06-25 16:30:08;9.61
569;12.07;;B2 R' F2 R' D2 B2 D2 L U2 F2 L' B2 D R2 F R' D2 R U B R';2026-06-25 16:30:30;12.07
570;12.60;;F D' B2 R2 B2 U' B2 D' U' F R' B D' F2 R' F D U';2026-06-25 16:30:55;12.60
571;12.20;;L' U' L D2 F2 L U2 B2 L D2 R' F2 U2 F2 B' D' L' D2 R F' D;2026-06-25 16:31:24;12.20
572;13.19;;F R2 L' B R' U' F2 L2 F' U L2 D' F2 U2 F2 U2 L2 F2 R2 U2;2026-06-25 16:31:49;13.19
573;12.62;;L2 U2 L2 F' U2 B' U2 L2 B2 F R U2 B' R2 F2 U' F' L2 D' F2;2026-06-25 16:32:21;12.62
574;10.95;;R' B' R2 D2 U2 F U2 B2 D2 R2 F' L' F D' F2 D' F2 L2 R2;2026-06-25 16:32:47;10.95
575;16.86;;L2 U' R D R L' B R' B R2 F2 L2 U2 R2 B U2 D2 F' R2 F;2026-06-25 16:33:12;16.86
576;13.79;;U F2 U2 B2 R2 F2 D' B2 U' L2 F2 R' D B' L' D2 U L2 R2 B D2;2026-06-25 16:34:07;13.79
577;14.04;;U R D' R2 D2 B2 L2 F2 U' B2 L2 U2 R' B' D B' F U F2 R';2026-06-25 16:34:33;14.04
578;11.38;;R D2 B D2 U2 B L2 B' U2 R2 L B2 R' B U F L F' R2;2026-06-25 16:34:56;11.38
579;12.84;;D2 F R2 D2 B' F2 U2 B D2 L2 D2 R D F L' R2 U2 R U' R2;2026-06-25 16:35:19;12.84
580;16.24;;F R' D L2 F2 L2 F2 D' L2 B2 D L F2 U B' R' D2 F' L';2026-06-25 16:35:42;16.24
581;13.82;;B' U2 F2 U2 F2 R D2 B2 L U2 L2 B2 R' U' R' U' F L' D U;2026-06-25 16:36:08;13.82
582;13.43;;U R' L' F' L' F' D2 B D2 L2 B2 D L2 U L2 F2 U2 B2 U';2026-06-25 16:36:32;13.43
583;14.74;;R F' L2 F2 D2 R B2 F2 U2 L B2 R' B2 L2 D' R' U2 B' F' U L2;2026-06-25 16:36:57;14.74
584;13.44;;B' L2 B2 D' U2 B2 D2 B2 L2 U' B2 U2 L' F' U' R2 U2 R2 U' R';2026-06-25 17:16:33;13.44
585;12.18;;R U' L2 U' F' R' U B L B2 R F2 R2 F2 U2 R U2 R2 U2 R2 D';2026-06-25 17:17:02;12.18
586;13.58;;F R U' L' D F L' U2 B2 D' F2 D B2 L2 U B2 U2 B2 F' D;2026-06-25 17:17:24;13.58
587;14.11;;U2 R2 F2 D U2 R2 B2 U2 F2 U L D F L B' L2 R' U' B2 D;2026-06-25 17:17:53;14.11
588;13.96;;L2 R2 D' B2 R2 U' B2 D2 R2 B2 U2 B L2 B2 R U' F L' D U';2026-06-25 17:18:17;13.96
589;14.13;;D2 L2 F2 D2 B2 U R2 D B2 L2 R2 U' L' B' L' B2 U B' L F L2;2026-06-25 17:25:02;14.13
590;11.97;;D' U2 L2 D F2 U L2 U' L2 B2 F L' U' R B D2 F2 D U2;2026-06-25 17:25:30;11.97
591;19.41;;F D' B R2 B2 D R F2 U F2 U F2 L2 B2 D' L2 U' R2 U2 L U2;2026-06-25 17:25:57;19.41
592;15.98;;U' B U B' L2 D2 F' D L2 U2 B2 L' U2 D2 R' D2 F2 L' B;2026-06-25 17:26:29;15.98
593;15.02;;L U' R F' L' D' B2 R' F U' L2 U' B2 R2 U R2 F2 B2 U B2 R2;2026-06-25 17:27:10;15.02
594;13.35;;R' F R U L D2 F' R2 U2 B2 U' F2 B2 D' F2 L2 D L2 D' F';2026-06-25 17:27:35;13.35
595;11.49;;B' U B2 U2 L2 U L2 D' F2 D' U2 L2 R' F D B' D F' D2 L' U';2026-06-25 17:27:59;11.49
596;17.96;;B2 D2 F' R2 B L2 B R2 D2 L2 R' F' U' R D2 B R B' L;2026-06-25 17:28:26;17.96
597;13.95;;U R2 U' F2 L2 D' L2 D L2 B2 F' R' B L' R B2 R' D' L2;2026-06-25 17:28:58;13.95
598;11.77;;L2 F2 U' R2 B2 D2 U R2 U2 F2 R2 L D' F D' F U2 R B';2026-06-25 17:29:23;11.77
599;20.22;;U F2 D2 L2 B2 D' F2 U' R2 D' L2 F2 L' F2 D R2 U' B' D2 F;2026-06-25 17:29:47;20.22
600;11.23;;U R' D B2 D2 L2 R2 D' F2 U2 L2 U2 R F L U' B L2 F' D2;2026-06-25 17:30:22;11.23
601;11.48;;L B R' D L' U F' D B U' R2 U2 L2 D2 F2 U R2 L2 U F2 R2;2026-06-26 17:13:30;11.48
602;12.35;;F2 U' F L' F2 U2 B D F R' U2 R' U2 L' B2 R' D2 L2 B2 R D2;2026-06-26 17:13:54;12.35
603;16.57;;D B2 L2 F' B' R' B' D' L' D2 L2 D R2 U F2 U2 L2 B2 R2 B2 U;2026-06-26 17:14:32;16.57
604;12.51;;F2 R2 U2 F2 R2 D2 F' R2 F' D2 U2 F R' F U L D2 R2 D U R';2026-06-26 17:15:01;12.51
605;18.32;;D F D' R' D2 L U2 R F2 U2 L R F2 U2 B F U' L' F2 U2 B2;2026-06-26 17:15:32;18.32
606;13.66;;U L U F2 R2 U B R D2 F2 R' B2 U2 R2 B2 D2 L' B R';2026-06-26 17:16:01;13.66
607;15.30;;L2 D2 L2 D2 R2 U2 B' F2 U2 F' R2 F2 R B2 R2 D U R' D2 R';2026-06-26 17:19:27;15.30
608;12.91;;L U2 F2 R2 D2 R U2 L F2 D2 F2 U2 F L2 U' F2 L' U2 F2 U' F2;2026-06-26 17:19:54;12.91
609;14.27;;D2 U2 F U2 R2 U2 L2 B F2 D2 R2 U' B2 F L2 F L' U R2 F2 R;2026-06-26 17:20:19;14.27
610;15.06;;B2 U' D R F' L' D' B U F R2 F L2 F D2 F U2 L2 B R2;2026-06-26 17:20:54;15.06
611;12.51;;B2 U F2 L2 B2 L2 U B2 F2 U' B F' D2 U' L' B2 U' B' D2;2026-06-26 17:21:20;12.51
612;13.08;;L' U D B R' D' B R2 D' U2 B2 L' U2 D2 R U2 L2 U2 L D2;2026-06-26 17:22:14;13.08
613;13.93;;L2 U2 F2 L2 U2 F2 L B2 L B2 R B R F2 D R2 U B' F' D';2026-06-26 17:22:43;13.93
614;13.65;;U2 R B2 D F2 L2 D' L2 U F2 D2 B2 L2 U L' B L2 U' F2 D2;2026-06-26 17:23:17;13.65
615;10.37;;B2 D2 L' F2 D2 L R2 U2 R' B' D' F U B2 L F' L2 U' B2;2026-06-26 17:23:41;10.37
616;11.95;;L D R2 D' L2 U R2 B2 D2 L2 B2 U B' R2 F' U L D' R U;2026-06-26 17:24:02;11.95
617;17.87;;D' U' B2 F2 L2 D' B2 D F2 L2 D B' L' F' D R U F' R2 D;2026-06-26 17:25:27;17.87
618;14.21;;L' D2 L2 U2 B' L2 R2 B' R2 D2 B' D2 B' R' D' F U' R D B';2026-06-26 17:25:58;14.21
619;13.85;;U2 B2 U2 B2 R2 D2 F D2 U2 L B' D' B2 R F' D' L' D R2;2026-06-26 17:26:22;13.85
620;13.82;;R F2 R U' R' U' F2 B' U R2 L2 B2 U2 F2 U2 R' L2 F2 L';2026-06-26 17:26:45;13.82
621;15.41;;D2 B2 U' B2 L2 U2 F2 R2 U' R2 D R B' F2 D U' L' B R F' D;2026-06-26 17:27:10;15.41
622;8.83;;L2 F R' U R L' D' B L D2 B2 L2 U2 L F2 R2 U2 D2 B';2026-06-26 17:27:38;8.83
623;12.88;;B2 F2 L2 R2 U L2 R2 D U R2 D' R F U' R2 F U L U' B U';2026-06-26 17:29:32;12.88
624;13.48;;R2 U' R2 B2 U' B2 L2 D2 R2 U' L2 F L2 R' B F' U L' B R2 F';2026-06-26 17:29:59;13.48
625;9.67;;U2 R F' U2 D L2 F R2 F2 L B2 U2 R2 U2 L' D2 R' B2 R' D L';2026-06-26 17:30:24;9.67
626;12.85;;D2 B2 R2 U' F2 U R2 U' B2 L F' R F' D2 U R' D F;2026-06-26 17:30:48;12.85
627;12.92;;L U2 L2 U2 B2 D' L F L2 F L2 F R2 F' U2 L2 B L2 F L' F2;2026-06-26 17:31:15;12.92
628;13.17;;B R' U' R F' L2 B R F' U2 D2 F' L2 D2 F2 U2 F' B U;2026-06-26 17:31:42;13.17
629;13.39;;B' U' F2 U' F2 D2 B2 U' F2 U2 R2 F2 U2 F D U2 B2 R B F';2026-06-26 17:32:05;13.39
630;12.47;;D R D2 U2 F2 U2 B' U2 F U2 R' U' R2 U F2 D R2;2026-06-26 17:32:28;12.47
631;12.20;;D F B2 U' R2 F2 R2 U' R2 B2 U2 F R F2 D L2 D2 F L';2026-06-26 17:34:31;12.20
632;13.58;;D' R2 U2 B2 F2 L F2 U2 R' F2 L R F2 D' F D U L' R B;2026-06-26 17:34:59;13.58
633;13.53;;D' R' F2 U F2 U' L' F U' D' F2 L2 U' R2 U2 D B2 R2 B2 R' F;2026-06-26 17:35:27;13.53
634;13.42;;R2 F R D F' R' F' B2 D2 R' U2 L' F2 B2 L B2 D2 R' F' D';2026-06-26 17:35:51;13.42
635;12.93;;F' R2 D F' U' R' U2 B2 U L' B2 R F2 B2 R2 U2 L F2 L2 D2;2026-06-26 17:36:17;12.93
636;10.20;;D R' D F2 L' U' B' U' R2 F2 D2 R2 L2 B R2 B' R2 U2 R2;2026-06-26 17:36:41;10.20
637;13.30;;R' U2 B2 D L2 D2 F2 U R2 F2 D' L' D' F' D' L D U B2 R2;2026-06-26 17:37:03;13.30
638;13.51;;F' D2 L' D2 B2 L2 D2 R2 F L2 U2 F2 D2 F' U' L' U2 B2 D R';2026-06-26 17:37:31;13.51
639;12.54;;B' D2 F2 L2 B2 L2 U2 F2 U2 B R F' D' R D F2 D' R U2 F;2026-06-26 17:37:55;12.54
640;13.04;;U2 D' R2 U R2 B' R F2 D' L2 U B2 U2 R2 B2 L2 D' R2 U L' B';2026-06-26 17:38:17;13.04
641;13.15;;U2 R F L' D R' D F' D2 L2 U2 F2 L2 F' L2 D2 F2 R2 U' F;2026-06-26 17:38:57;13.15
642;11.76;;L D2 B2 R2 F2 D' L2 B2 D R2 F2 R2 L D F' U B L' U' L' U;2026-06-26 17:39:22;11.76
643;15.99;;B' D L2 U' R2 B2 L2 B2 R2 U L2 D' R D' L R U B F2 R2;2026-06-26 17:39:52;15.99
644;13.77;;R F2 R2 F2 R2 D2 L2 U' F2 L2 F2 B L' D2 F' U2 F D R B';2026-06-26 17:40:21;13.77
645;10.88;;F B2 D2 F2 U2 L2 R B2 R2 B2 U2 R2 F2 U' L2 U B F2 U2 L D;2026-06-26 18:38:33;10.88
646;12.65;;F U' B2 U2 L2 D' L2 B2 D2 F2 D' B L' U F2 L' R D' R F2;2026-06-26 18:38:57;12.65
647;14.65;;B' R U' D' B' L D B D2 L2 F' R2 B' L2 B2 L2 F2 U2 L F';2026-06-26 18:39:21;14.65
648;12.40;;L2 R2 F2 L2 B' U2 F D2 B D2 F2 D B D' L B L' D R F;2026-06-26 18:39:47;12.40
649;14.86;;R' B R2 F2 R2 U' F2 D' U2 L2 B2 L2 R2 D' F R B' L' R B R;2026-06-26 18:40:11;14.86
650;15.86;;R' B' R' D' F U L U2 B2 L2 D2 F' L2 B' D2 L2 B2 D2 R U2;2026-06-26 18:40:37;15.86
651;12.80;;R B D2 R L2 U L' R2 U2 B' L2 B' L2 D2 F2 R2 B' R2 F D L2;2026-06-26 18:41:04;12.80
652;11.65;;D' R' L2 D2 F2 D2 B' F2 U2 L2 B' F2 R2 D U' L2 R' D F' L';2026-06-26 18:41:30;11.65
653;10.86;;U2 L2 U2 R D' R2 B' R' F2 U2 B2 R2 F2 B2 D2 F2 U' L2 F2 U;2026-06-26 18:41:54;10.86
654;11.72;;B U2 D2 F' L F2 B' U L F2 D B2 U' L2 F2 U2 L2 U' B2;2026-06-26 18:42:16;11.72
655;12.77;;D R F D B' U' F U R D F2 L2 U' F2 R2 U' F2 L2 D2 F2;2026-06-26 18:42:38;12.77
656;9.90;;R U2 B2 U B2 R2 D2 F2 U B2 U2 R' U2 B' D U' R2 F2 L;2026-06-26 18:43:04;9.90
657;14.13;;D2 F2 D2 R2 U2 L D2 R D2 L2 B2 R' F' L' R2 U L2 U2 L2 B';2026-06-26 18:43:33;14.13
658;12.52;;R' F' U2 F R2 D2 F' U2 B L2 F D' F' L U R D F2 L2 D2;2026-06-26 18:44:04;12.52
659;12.41;;U2 F2 U' B2 D' B2 U F2 R2 D L2 R' F' U' F L2 B' F' L U2 F2;2026-06-26 18:44:33;12.41
660;12.75;;R' F L D2 F2 U2 B2 R' B2 F2 U2 R D2 R' F' D U L D B D2;2026-06-26 18:44:56;12.75
661;12.15;;U R U' B2 U' B2 D B2 U2 B2 R2 B2 U R' D2 B' R U2 L B' F;2026-06-26 18:45:18;12.15
662;14.40;;U' F' L2 R2 B2 F' L2 B' U2 B' L2 D' R' B L' R B F2 U2;2026-06-26 18:45:40;14.40
663;10.25;;L2 D L2 F2 R' B' U F' R2 U2 F2 R2 U2 F2 D2 B R2 B' L' F2;2026-06-26 18:46:06;10.25
664;14.03;;F L2 U2 L2 B2 L2 F' U2 B D2 F' L D2 R2 D B U2 R F L' R';2026-06-26 18:46:30;14.03
665;14.50;;R' B2 D B' U R2 D L' U R2 U R2 U F2 B2 U2 L2 D' R2 L2;2026-06-26 18:46:54;14.50
666;13.13;;U F U2 F L2 F U2 L2 F' U2 B L2 U B' U L D2 U F D U2;2026-06-26 18:47:20;13.13
667;12.97;;U2 R F2 U2 B2 R2 U F2 U2 L2 U F2 R2 D' R F' U2 L2 R D' U;2026-06-26 18:47:43;12.97
668;13.29;;D2 U' R2 U2 L2 B2 D' B2 L2 B2 L2 B' R B2 U L R B2 D2 L';2026-06-26 18:48:05;13.29
669;12.19;;F2 R' D' R2 F2 L2 U2 B2 U' B2 U' F2 U2 F L' F' D2 U2 R;2026-06-26 18:48:29;12.19
670;12.13;;B2 U2 F2 D F2 L2 U F2 L2 U L B' F2 U2 R2 D' B L2 B2 F';2026-06-26 18:49:19;12.13
671;13.77;;R2 D' L2 F' U2 L2 B' U2 D2 R D2 L2 U2 R' D2 B2 L' U' R2;2026-06-26 18:49:42;13.77
672;12.49;;U D2 B D2 B2 D2 F' R2 B D2 F R D2 L' F D2 U2 F R;2026-06-26 18:50:07;12.49
673;13.32;;F L' B R' U2 F2 D B' U R2 D2 L2 F2 L2 B2 D B2 D F2 U2 R;2026-06-26 18:50:33;13.32
674;9.96;;U2 B2 R2 U' R2 D2 R2 F2 U2 F2 R' D B' D' F' R' B' U2 R' F;2026-06-26 18:50:57;9.96
675;11.14;;F2 L2 F2 R2 U R2 D' R2 D2 F2 U2 B F' L' F L2 F2 L2 D F;2026-06-26 18:51:19;11.14
676;12.65;;R' F L' U B D R' D' R2 U L2 U' B2 R2 F2 U R2 D2 F2 B';2026-06-26 18:51:40;12.65
677;14.71;;B' R' F2 R2 L' U B D L' U2 B2 R D2 R2 U2 F2 R U2 D2 B2;2026-06-26 18:52:08;14.71
678;10.16;;L' F U B' L2 D B U' L2 U' R2 U' B2 L2 U R2 D F2;2026-06-26 18:52:33;10.16
679;12.30;;R D' R2 D R2 D' F2 R2 F2 R2 F2 U F D L D B' F D2 L2 B';2026-06-26 18:53:00;12.30
680;11.42;;L' F2 D' F2 U' B2 L2 D' B2 D2 B2 R' F' D' U' R B' L U2;2026-06-26 18:53:24;11.42
681;13.95;;F2 R' F' B L D' L2 F' U2 D B2 L2 B2 D F2 U' B2 L2 D L';2026-06-26 18:54:09;13.95
682;14.05;;U L2 D F2 R2 B2 L2 D R2 D2 R2 B2 R' D F U B2 R' F' R D2;2026-06-26 18:54:36;14.05
683;14.64;;R2 B U2 D L F2 R' U R2 L2 U' F2 U' R2 L2 B2 D B2 U2 F' L';2026-06-26 18:55:57;14.64
684;14.66;;D' F2 U2 F2 L U' B' R2 D R2 B R2 B2 R2 L2 U2 B' U2 L2 F' L2;2026-06-26 18:56:21;14.66
685;12.63;;R D2 R2 B2 R2 D R2 D B2 D' R2 L U2 R' B2 U2 F' D B' L2;2026-06-26 18:58:07;12.63
686;13.33;;U F U R2 U L2 U2 R2 D L2 F2 D2 R2 F' U B2 D R B D' F2;2026-06-26 18:58:31;13.33
687;10.82;;R' B' R2 B2 D2 R D B' L2 F' B' U2 B U2 R2 F U2 D2 R2 D' B2;2026-06-26 18:58:55;10.82
688;11.90;;L B' L' F2 L' U' R2 U' R B2 U2 F2 D F2 R2 D' L2 U B2 D L2;2026-06-26 18:59:15;11.90
689;12.27;;F2 R U2 R U2 B2 D2 B2 L F2 R' D2 B' D2 F2 U' L R2 F' D';2026-06-26 18:59:38;12.27
690;12.82;;F2 R' B' R2 U2 F2 D U L2 F2 L2 F2 L F U B2 R2 U2 F';2026-06-26 19:00:01;12.82
691;11.90;;D F U R' D2 F' U' F2 D' R2 B U2 F R2 B' R2 F2 L2 F' U2;2026-06-26 19:00:22;11.90
692;12.95;;D2 F2 L' U2 R2 U2 F2 L' U2 R' D2 L' B L2 R2 D R U2 L' F2 R2;2026-06-26 19:00:45;12.95
693;13.60;;R2 B2 F2 D' U2 F2 D' L2 U L2 U R' D F' D2 L R2 B2 L' B;2026-06-26 19:01:09;13.60
694;13.51;;D' U' R2 D' F2 D2 R2 F2 D2 L D U2 B R D2 F L' U' R;2026-06-26 19:01:37;13.51
695;11.93;;U2 D' R' D2 B' D R F' B2 D2 F2 R' U2 R F2 R B2 R D2 R' D';2026-06-26 19:02:25;11.93
696;14.82;;B2 L2 F2 U2 F2 R2 D' U2 R2 D B2 U2 R U2 B' D2 U' F L2 U;2026-06-26 19:02:56;14.82
697;16.68;;L2 U' L2 B2 F2 D2 R2 D R2 U F D' B' U R F' D R2 F' R';2026-06-27 16:34:30;16.68
698;14.35;;F2 R2 B2 U2 B2 L' F2 U2 R' F2 U2 L D' L B2 D L' D U F D;2026-06-27 16:35:03;14.35
699;14.46;;F2 D' L2 B2 U' B2 F2 U L2 F2 R F D' B' D' L U' B U2 F';2026-06-27 16:35:31;14.46
700;13.09;;F D' R F2 U2 R D2 F2 U2 L2 B2 R B2 R' D' B L F L' D2 R2;2026-06-27 16:35:57;13.09
701;12.67;;R2 U L2 D L2 U' R2 F2 D B2 F2 U B' U2 R U2 F2 U' B' L D2;2026-06-27 16:36:21;12.67
702;15.85;;B2 R' B' D2 B' R2 F2 U2 R2 U2 B U2 L2 B R' B' D R2 U2 B' F';2026-06-27 16:36:47;15.85
703;11.53;;D U R2 D L2 U2 R2 U L2 R2 U' R' U L' R2 F D2 U' L D' B;2026-06-27 16:37:25;11.53
704;13.68;;D' F B2 D2 L B2 U2 B2 U2 R2 U2 R B2 U R2 D B2 L2 B' U;2026-06-27 16:37:52;13.68
705;12.83;;F2 D L B' D R U2 R2 U2 R2 U L2 B2 U F2 D B2 D B' R';2026-06-27 16:38:23;12.83
706;13.39;;U' B2 L2 D2 U R2 U R2 F2 U' B F R' B' D' U' L D R F';2026-06-27 16:38:47;13.39
707;16.18;;L F' L' U2 B2 U2 F2 L U2 L' R2 D2 L2 F' U F2 L' D L F';2026-06-27 16:39:17;16.18
708;15.29;;R2 F B2 U F2 D B D2 B2 D L2 D2 R2 F2 D' F2 L2 D F2 R';2026-06-27 16:39:48;15.29
709;12.69;;D' B2 L2 R2 D' B2 U F2 U F2 L2 U2 R' U' R D L2 F' R2 U2;2026-06-27 16:40:17;12.69
710;11.87;;D F2 L2 B' U F' R F U2 L2 F' B2 D2 R2 F' L2 D2 L2 R' D';2026-06-27 16:40:41;11.87
711;15.00;;F B2 D F2 D2 U B2 D2 L2 U' L2 U' L B2 U' R2 D2 R2 B D';2026-06-27 16:41:06;15.00
712;13.39;;R' F' R L2 F2 D2 L2 B2 U' B2 D F2 L2 U2 B L U2 R' B2 R U2;2026-06-27 16:41:32;13.39
713;11.43;;U' R' B L' D B' D' F2 R' B' D2 L2 B' L2 B D2 F L2 B';2026-06-27 16:41:59;11.43
714;10.82;;B' D2 L2 B D2 F R2 F L2 D B' R B2 D2 B' R' F' D2 F';2026-06-27 16:42:23;10.82
715;12.02;;B R2 F L2 F2 D F2 U' L2 D F2 D2 F2 L' B R' D B2 R2 U;2026-06-27 16:42:46;12.02
716;12.32;;U2 B D2 R2 B2 L2 R' F2 R F2 D2 F2 D2 B L' D U2 L D B';2026-06-27 16:43:21;12.32
717;11.87;;B' F2 L2 D2 B' U2 F R2 D2 F' U2 R2 D L B2 F L R2 B' R';2026-06-27 16:43:45;11.87
718;16.44;;D L U2 L' B2 L2 F2 D2 U2 R B2 L' D B D2 L' U R' D F2;2026-06-27 16:44:15;16.44
719;17.62;;D L2 R2 D L2 B2 L2 U B2 D' L2 B' R U' L' U2 B' U R B' D;2026-06-27 16:44:42;17.62
720;13.67;;U2 F2 D' F2 L2 B2 U' F2 D' B2 F2 U' F U2 F D U L' F U' B';2026-06-27 16:45:12;13.67
721;12.20;;F2 L2 F2 D' B2 L2 F2 D2 R2 F2 D2 U' R' B' D' U' R B' D2 L' B;2026-06-27 16:45:37;12.20
722;12.23;;F2 L2 R2 U2 R2 D' L2 F2 D2 U' F2 D L F R D' L' D2 R D' F2;2026-06-27 16:46:42;12.23
723;16.54;;L' D2 F U' F' U B L2 D2 B2 L' F2 R' U2 B2 U2 R' F2 R;2026-06-27 16:47:09;16.54
724;16.42;;L' F L U F2 L' F D' B' R F2 L D2 L' F2 L2 D2 R D2;2026-06-27 16:47:38;16.42
725;11.91;;D2 L2 R2 U F2 R2 U B2 L2 D R2 U B' R' B R B' U' R B2 U2;2026-06-27 16:48:15;11.91
726;12.44;;B' R U2 B U F2 B2 R F' U2 L F2 R D2 R L2 B2 D2 L U2;2026-06-27 16:48:38;12.44
727;15.10;;F' R F2 L2 B' L2 F L2 D2 L2 F' D2 U2 F' L' U' F U2 R D L2;2026-06-27 16:49:07;15.10
728;13.61;;L' D' L D2 B' U2 F' U2 R2 U2 B' D2 F R' F2 U F2 D2 B' R';2026-06-27 16:49:34;13.61
729;14.21;;D B2 F2 U R2 F2 D' U F2 U R2 U' R' U B2 R' B' L2 B2 L' D2;2026-06-27 16:50:54;14.21
730;13.83;;D2 B' L2 R2 B' R2 F' R2 D2 B2 R2 U' F L R D F' U L' R2 F;2026-06-27 16:51:20;13.83
731;12.32;;B R2 B' R' B' L2 D R F' U L F2 B2 D2 R2 B2 U2 L' D2 L' F2;2026-06-27 16:51:45;12.32
732;9.78;;D' U2 F2 R' B2 D2 R' B2 L U2 R2 B2 R2 F' D L2 B U' R U L';2026-06-27 16:53:02;9.78
733;14.54;;B U F L2 U2 L2 U2 B D2 F2 L2 B F' L2 R' B U B' D L2 R;2026-06-27 16:53:39;14.54
734;12.66;;F2 R' D B U' L B U2 R' D2 B U2 B L2 F2 L2 B2;2026-06-27 16:54:05;12.66
735;11.31;;F U2 D' L D' F2 D F R L2 F2 U' R2 U' R2 U F2 B2;2026-06-27 16:54:28;11.31
736;13.91;;L' B' U R' D2 L2 D F' L2 U2 B' D2 F L2 B2 L2 D' R2;2026-06-27 16:54:50;13.91
737;9.83;;U2 R2 B' U2 F2 U' B2 L2 D R2 U2 L2 D F2 L' B' U F U2 R' D2;2026-06-27 16:55:20;9.83